国际化数据分析师,北京,字节跳动,3-6万/月,06-23,"['北京\xa0\xa0', '\xa0\xa0在校生/应届生\xa0\xa0', '\xa0\xa0本科\xa0\xa0', '\xa0\xa0招10人\xa0\xa0', '\xa0\xa006-23发布']","['互联网/电子商务,计算机软件']",['民营公司'],['10000人以上'],[]
数据分析师（房地产评估）,北京-海淀区,瑞庭网络技术（上海）有限公司北京分公司,1-2万/月,06-23,"['北京-海淀区\xa0\xa0', '\xa0\xa0无需经验\xa0\xa0', '\xa0\xa0本科\xa0\xa0', '\xa0\xa0招1人\xa0\xa0', '\xa0\xa006-23发布']","['互联网/电子商务,广告']",['上市公司'],['10000人以上'],"['【岗位职责】', '1.参与完善城市住宅小区价格数据监控、采集和运营工作，并输出专业研究报告；', '2.负责多城市的房产基础数据类项目，负责各类数据的采集，包括项目实地线下数据采集并编制报表；', '3.负责多城市的房产数据质量审核及运营；', '4.通过对外横向沟通和协调，解决数据应用问题；', '5.参与集团房产数据库的运营分析，能够通过数据分析工具输出分析报告；', '【任职要求】', '1.本科以上学历，房地产相关专业、应用数据、统计学、经济类、金融类、信息管理类专业毕业者优先；', '2.有房产估价经验，熟悉房产业务者优先。', '3.对房产数据发展、数据分析挖掘、市场研究、数据商业化应用有较好的发展意向；', '4.有较强的沟通能力，反应敏捷，思路活跃，逻辑清晰，快速学习，善于表达，承担一定的工作压力。 ']"
项目经理（数据中心）,深圳,深圳中青宝互动网络股份有限公司,2-2.5万/月,06-23,"['深圳\xa0\xa0', '\xa0\xa05-7年经验\xa0\xa0', '\xa0\xa0大专\xa0\xa0', '\xa0\xa0招1人\xa0\xa0', '\xa0\xa006-23发布']",['网络游戏'],['上市公司'],['500-1000人'],['5、有数据中心施工现场管管理经验；\xa0']
数据分析岗,温州,中国平安人寿保险股份有限公司温州中心支公司,4.5-6千/月,06-23,[],[],[],[],[]
商品专员/货控（数据分析方向）,武汉-江汉区,百丽鞋业（武汉）有限公司,4.5-6千/月,06-23,"['武汉-江汉区\xa0\xa0', '\xa0\xa02年经验\xa0\xa0', '\xa0\xa0大专\xa0\xa0', '\xa0\xa0招2人\xa0\xa0', '\xa0\xa006-23发布']","['服装/纺织/皮革,批发/零售']",['民营公司'],['1000-5000人'],"['岗位职责：', '1、负责辖区内货品的配、补、退、调、上市计划等货品的相关管理；', '2、根据季度及年度预算积极完成货品售罄率目标，并监管和降低公司库存的职责。', '3、制作每周、月、季度销售数据分析及报告。', '4、负责所辖区域内商品进销动态的数据收集、整理分析，合理控制库存、优化商品结构，提出合理的促销建议和进货优惠建议；', '5、跟踪及分析货品进销运作情况，进行货品管理；', '任职要求：', '1、大专及以上学历；', '2、两年以上服饰鞋类货品采购、销售及库存管理工作经验；', '3、具备良好的数据分析与逻辑判断能力，能根据各项指标的完成情况进行分析，协助制定相关措施；', '4、沟通能力强，具备较强的团队合作精神。', '福利待遇：', '1、5天工作制；', '2、按照国家规定购买五险（养老、医疗、工伤、失业、生育）一金；', '3、享受国家法定节假日（元旦、春节、清明、五一、十一、端午、中秋等）、带薪年假；', '4、节假日福利、婚育礼金、生日会礼物、健康体检、分享会；', '5、年终奖金。']"
大数据开发工程师,深圳,深圳市引路者企业管理咨询有限公司,0.8-1万/月,06-23,"['深圳\xa0\xa0', '\xa0\xa03-4年经验\xa0\xa0', '\xa0\xa0本科\xa0\xa0', '\xa0\xa0招1人\xa0\xa0', '\xa0\xa006-23发布']",['专业服务(咨询、人力资源、财会)'],['民营公司'],['少于50人'],"['大数据开发工程师', '1、负责大数据平台的设计和落地实现，包括数据建模、数据抽取ETL，存储过程及接口开发；', '2、负责基于大数据库的数据对接、数据预处理、数据清洗、数据处理、数据导入、数据校验相关开发工作；', '3、掌握存储过程，数据分区、SQL脚本执行优化等技能；', '4、对大数据仓库、维度建模、SQL优化有一定了解，熟悉HIVE数据库开发优先；', '5、有大数据仓库实施、ETL开发、有阿里云dataworks及华为云DLF等开发经验者优先；', '6、3年以上同岗位工作经验，自驱能力强，有良好执行力，有技术追求。', '优厚的薪资：底薪8000-10000+提成（根据项目而定）+年终奖金+五险一金+双休+公司福利。', '工作地点：龙岗中心城-珠江广场A3栋5F', '工作时间：周一至周五5天8小时双休制；国家法定节假日正常放假。', '公司福利：丰富多彩的员工活动：员工生日会、周未交流会、每年1到2次全员外出旅游，每月1次部门聚餐，每周不定期下午茶水果等等。']"
数据员,广州,广州狮之谦服装有限公司,4-6千/月,06-23,"['广州\xa0\xa0', '\xa0\xa01年经验\xa0\xa0', '\xa0\xa0大专\xa0\xa0', '\xa0\xa0招若干人\xa0\xa0', '\xa0\xa006-23发布']","['互联网/电子商务,服装/纺织/皮革']",['民营公司'],['150-500人'],"['岗位职责', '1.对公司年度\\季度\\月度目标实际完成情况进行数据监控；', '2.对接供应链生产品控仓储部门进行数据分析处理，监测进销存数据。', '3.供应链日常工作推动。', '任职要求', '1.思维灵活、具有发散思维；', '2.具备严谨的产品和数据逻辑思维，突出数据归纳整理和分析能力；', '3.熟练使用Excel数据分析处理工具，懂python；', '4.具有良好的逻辑思维能力，学习能力强。', '5.熟悉ERP、SCM、CRM等web端信息管理系统的使用和后台数据维护，能够发现系统的漏洞，并提供解决方案，有系统开发经验者更佳', '加入狮之谦，我们能为你提供：', '1.宽敞清新的办公环境，年轻有激情的团队，轻松好玩的工作氛围；', '2.精致美味又免费的午餐+晚餐；一周2-3次***煲汤+家常滋润糖水；员工内购超值网红服装，上班逛街两不误，荷包不瘪，美衣不缺。', '3.有竞争性的薪资待遇，一年有3次的调薪/晋升/调岗的申请机会，更有福利津贴：额外全勤奖100元/月、每月有内推伯乐奖、车费报销、餐补、晚班补贴、外拍实报实销等；', '4.有内外部培训机会，个性化的横纵向职业晋升发展路径，各路大神培训分享会，每周五谦学堂，根本停不下来；', '5.打造合伙人、储备店长创业制度，共同创造财富、分享财富；', '6.每月佳期必有礼：结婚贺礼、生育贺礼、过年回家红包、新年开门红包、生日贺礼、各类节日礼包等；每季度团建费、不定期下午茶，让您劳逸结合嗨不停；', '7.定期举办读书会，让你增长知识，提高心性；设置娱乐休闲区、娃娃机、桌上足球、小霸王游戏机、拳击、自助零食区等。', '上班时间：朝九晚六、固定周日休息', '面试&上班地点：', '海珠区赤岗西路畅流工业园3号楼6号电梯5楼']"
数据专员,南京-建邺区,江西鸿泽医药有限责任公司,4-5千/月,06-23,"['南京-建邺区\xa0\xa0', '\xa0\xa02年经验\xa0\xa0', '\xa0\xa0大专\xa0\xa0', '\xa0\xa0招1人\xa0\xa0', '\xa0\xa006-23发布']","['批发/零售,制药/生物工程']",['民营公司'],['50-150人'],"['数据专员：', '\xa0负责市场行政数据报表的培训、指导、检查，对公司终端数据负全责。\xa0', '岗位职责:\xa0', '1.\xa0负责分公司各类销售数据报表的定期收集，审核、汇总并及时总结反馈。\xa0', '2.\xa0负责分公司经销商、分销商、连锁等的流向划拨、流向审核，制作报表并及时总结反馈。\xa0', '3.\xa0负责各项专项活动数据统计汇总，完成初步分析。', '4.\xa0负责分公司业务提成的审核、汇总。\xa0', '5.完成上级安排的其它工作。', '\xa0任职要求：\xa0', '（1）大专及以上学历，有一定工作经验者佳；\xa0', '（2）熟练操作办公软件Excel；\xa0', '（3）形象佳、具有良好的沟通能力。 \xa0', '员工福利：\xa0', '1、缴纳五险，年终丰厚奖金。', '\xa02、带薪年假，公司可提供住宿。', '\xa03、传统三节福利、专业培训、团队拓展。\xa0', '工作时间：8:30-17:30\xa0 \xa0大小休']"
数据库及存储工程师,上海-黄浦区,苏州乔客云数据科技有限公司,1.2-1.8万/月,06-23,"['上海-黄浦区\xa0\xa0', '\xa0\xa05-7年经验\xa0\xa0', '\xa0\xa0大专\xa0\xa0', '\xa0\xa0招1人\xa0\xa0', '\xa0\xa006-23发布']","['计算机软件,互联网/电子商务']",['民营公司'],['少于50人'],"['1、五年实际工作经验；', '2、精通SQL\xa0Server数据库的管理，能写带分析函数的存储过程；', '3、有SQL\xa0Server数据库中处理海量数据的经验；', '4、对零售业的业务和财务知识有一定的了解；', '5、对BI项目的一般架构有一定的了解；', '6、对数据仓库里面的常见事实表，维度表的处理有一定的了解；', '7、对报表工具有一定的了解，熟悉Dr.Sum的MotionBoard***；', '8、做过运维项目更好，熟悉运维的SLA管理']"
数据分析/数据专员/运作主管,长沙-芙蓉区,海普诺凯营养品有限公司,4-8千/月,06-23,"['长沙-芙蓉区\xa0\xa0', '\xa0\xa02年经验\xa0\xa0', '\xa0\xa0大专\xa0\xa0', '\xa0\xa0招1人\xa0\xa0', '\xa0\xa006-23发布']",['快速消费品(食品、饮料、化妆品)'],['外资（非欧美）'],['1000-5000人'],"['工作职责:', '1、通过数据分析及时跟进公司省区、区域、城市、经销商、门店各产品的销售及库存情况，协助省区完成指标；', '2、分析省区业务达成、营销活动、费用管理、经营状态，整理及规范营销流程，发现及追踪异常问题，支持销售良性发展；', '3、通过工具，追踪省区营销人员日常行为，提升人员效率及人均产出；', '4、完成好上级领导下达的各项工作。', '任职资格:', '任职要求： ', '1、市场营销，运营管理，数据分析，理工科等相关专业，本科及以上学历', '2、2年以上快消、耐消行业同等规模或以上数据分析、运营管理、类型工作经历', '3、具备较好的项目管理能力、沟通能力和组织协调能力；', '4、有较强的逻辑思维能力，细致谨慎，有创新意识；', '5、需要有强烈的责任心及服务意识；抗压能力要较强。']"
大数据分析工程师,广州-番禺区,广州大学,1.5-2.5万/月,06-23,"['广州-番禺区\xa0\xa0', '\xa0\xa05-7年经验\xa0\xa0', '\xa0\xa0本科\xa0\xa0', '\xa0\xa0招若干人\xa0\xa0', '\xa0\xa006-23发布']","['教育/培训/院校,学术/科研']",['事业单位'],['1000-5000人'],"['岗位职责:', '1、负责大数据挖掘模型的开发，包括需求分析、模型设计、算法测试和优化；\xa0', '2、负责威胁情报挖掘或反欺诈等特定业务方向的数据专题分析和推荐引擎构建\xa0；', '3、负责公司大数据基础平台的开发和优化，保障平台稳定可靠，高效运行', '任职资格:', '1、本科以上学历；5年以上工作经历，\xa0具3年以上数据挖掘工作经验，有NLP、推荐引擎等领域大型项目经验优先；', '2、熟悉hadoop生态体系相关的组件：如spark、Hbase、kafka、Elasticsearch', '3、熟悉数据挖掘建模过程及主流算法；\xa0', '4、精通Python/Go/Java等编程语言至少一门，熟悉linux平台、shell编程；', '5、优秀的执行力，强烈的上进心和求知欲，较强的学习能力和沟通能力，具备良好的团队合作精神。', '6、在互联网反欺诈、大数据挖掘、分析等方面有工作经验者优先；', '薪酬福利:', '1、薪酬：15K-25K；', '2、五险一金；', '3、带薪年假']"
财务数据分析,上海-静安区,上海新创华文化发展有限公司,7-9千/月,06-23,"['上海-静安区\xa0\xa0', '\xa0\xa01年经验\xa0\xa0', '\xa0\xa0本科\xa0\xa0', '\xa0\xa0招1人\xa0\xa0', '\xa0\xa006-23发布']","['影视/媒体/艺术/文化传播,互联网/电子商务']",['民营公司'],['50-150人'],"['  ', '  ', '  ', '  ', '  ', '  ', '  ', '  ', '  ', '  ', '  ', '  ', '  ', '  ']"
数据文员,广州-白云区,广州渠道无忧网络技术服务有限公司,3-4千/月,06-23,"['广州-白云区\xa0\xa0', '\xa0\xa0无需经验\xa0\xa0', '\xa0\xa0大专\xa0\xa0', '\xa0\xa0招2人\xa0\xa0', '\xa0\xa006-23发布']",['互联网/电子商务'],['民营公司'],['150-500人'],"['岗位职责：', '1、每天录入留言，数据真实无误；', '2、做每日指定人员的节点数据，反馈到具体的优化师；', '3、每天检查小组项目框架竞品词的分类,百度pc/手机创意；', '4、每天检查小组项目创意是否违规；', '5、每天检查小组推广帐户的无效和不宜推广的关键词及创意；', '6、找指定关键词和分基本框架；', '7、协助调户专员处理开启、暂停、改预算等紧急事情。', '任职要求：', '1.计算机专业、财务专业、电子商务专业优先，熟练办公软件；', '2.对数据敏感；', '3.具有良好的团队协作、沟通和分析能力，做事积极主动，有强列的责任心和敬业精神，能够吃苦耐劳，细致认真。', '【福利待遇】', '1、工作时间：周一至周五9:00-12:00,13:30-18:00 ；', '周六10:00-12:00,13:30-18:00，大小周工作制；', '2、购买五险：养老保险、医疗保险、工伤保险、失业保险、生育保险；', '3、带薪假期：婚假、产假、陪产假、丧假、年假等；', '【福利彩蛋】', '1、下午茶点：每周奶茶、点心、水果，各种零食应有尽有；', '2、定期体检：公司贴心为你提供年度体检；', '3、生日礼品：生日当月享受精美礼物一份；', '4、节日礼品：儿童节、端午节、中秋节、圣诞节等大大小小的节日，皆有公司准备的礼品。', '【特色活动】', '1、员工活动：团队聚会、户外拓展、年度运动会、员工生日会、员工旅游、篮球比赛、金话筒等；', '2、健身区域：公司设有健身房，让员工在工作之余拥有健康的体魄；', '【培训发展】', '1、培训发展：入职培训、技能培训、岗位培训、管理层培训、内部分享交流会、外部培训等；', '2、发展通道：每年一次调薪晋升机会，内部调岗，竞聘机会等；', '【公司官网】', 'http://www.qudao51.com']"
数据录入员,重庆-渝北区,北京蛋黄科技有限公司,100元/天,06-23,"['重庆-渝北区\xa0\xa0', '\xa0\xa0在校生/应届生\xa0\xa0', '\xa0\xa0本科\xa0\xa0', '\xa0\xa0招5人\xa0\xa0', '\xa0\xa006-23发布']","['互联网/电子商务,医疗/护理/卫生']",['创业公司'],['50-150人'],"['1）依托公司信息系统，对文本资料进行标准化录入与更新；', '2）核实录入数据信息的准确性。', '任职要求：', '1）本科以上学历，专业不限；', '2）熟练使用电脑、办公软件；', '3）学习能力强，工作认真负责，愿意系统学习大健康产业知识者优先。']"
大数据开发工程师,深圳-南山区,深圳市法本信息技术股份有限公司,1-1.5万/月,06-23,"['深圳-南山区\xa0\xa0', '\xa0\xa02年经验\xa0\xa0', '\xa0\xa0本科\xa0\xa0', '\xa0\xa0招10人\xa0\xa0', '\xa0\xa006-23发布']","['计算机服务(系统、数据服务、维修),外包服务']",['上市公司'],['5000-10000人'],"['1、负责实时数据仓库实施和维护、ETL作业开发； ', '2、负责数据仓库问题查询，埋点问题分析，优化现有作业，保证数据服务稳定； ', '3、按时完成数据临时需求、数据提取等任务；', '岗位要求', '1、计算机、数学等相关专业本科以上学历； ', '2、具有两年以上数据开发工作经验，熟悉互联网行业常见的分析指标; ', '3、了解实时数据开发,熟悉HDFS相关数据组件,熟悉flink;', '4、有一定编程经验,熟悉java、scala、python中的一种;', '5、熟练使用SQL/HIVE、LINUX命令;', '6、有一定数仓建模经验;']"
数据仓库开发工程师,成都-武侯区,税友软件集团股份有限公司四川分公司,0.6-1.2万/月,06-23,"['成都-武侯区\xa0\xa0', '\xa0\xa02年经验\xa0\xa0', '\xa0\xa0本科\xa0\xa0', '\xa0\xa0招3人\xa0\xa0', '\xa0\xa006-23发布']","['计算机软件,计算机服务(系统、数据服务、维修)']",['民营公司'],['150-500人'],"['岗位职责描述', '1、\xa0负责数据仓库开发，存储过程编写，数据模型研究，大数据研究等。', '2、\xa0熟悉Oracle下的分区，表空间，\xa0SQL性能调优等操作；', '3、\xa0熟悉常用的ETL工具，如：kettle，\xa0informatica等；', '4、\xa0熟悉常用的报表工具，如：Cognos等；', '5、\xa0有财税行业从业经验优先。\xa0', '学历专业要求', '1.本科以上学历，计算机相关专业。\xa0', '2.精通Oracle数据库管理，熟悉PL/SQL，能独立进行排错、调优。', '3.熟练掌握oracle数据库sql语句的执行计划及性能优化技术。', '5.具有方案、报告编写的能力。', '6.有良好的沟通技能及处理突发事件的能力。', '7.善于与人沟通，对工作认真负责，具备良好的团队合作、抗压能力。', '经验及技能', '数据层开发', '关键维度', '数据工程师']"
数据挖掘工程师,深圳-南山区,深圳得程数据科技有限公司,1.5-2万/月,06-23,"['深圳-南山区\xa0\xa0', '\xa0\xa03-4年经验\xa0\xa0', '\xa0\xa0本科\xa0\xa0', '\xa0\xa0招若干人\xa0\xa0', '\xa0\xa006-23发布']","['专业服务(咨询、人力资源、财会),计算机软件']",['民营公司'],['50-150人'],"['请认真看清楚要求在投递简历，谢谢', '要求：', '1、本科以上学历，数学、统计学或计算机等理科教育背景', '2、有3年以上数据挖掘和机器学习相关的实战经验', '3、有安全相关经验者优先', '4、有图计算，深度学习相关经验者优先', '5、良好的沟通和学习能力，能够快速掌握工作所需技能', '职责：', '1、主要负责利用大数据的能力，经验，算法，模型等建设情报能力系统', '2、结合深度学习和传统机器学习的技术从多个维度建立属性行为画像', '3、通过各种海量的异构的数据、探索路径、方法发现各种异常、情报、意图、追本溯源', '4、利用时间序列模型和预测模型等实时分析用户和机器的行为，从海量数据中挖掘异常行为点', '5、了解业界安全态势和热点，对黑产产业链深入分析；']"
数据运维,成都-金牛区,四川省梦创卿尘电子商务有限公司,4-5千/月,06-23,"['成都-金牛区\xa0\xa0', '\xa0\xa01年经验\xa0\xa0', '\xa0\xa0大专\xa0\xa0', '\xa0\xa0招1人\xa0\xa0', '\xa0\xa006-23发布']","['快速消费品(食品、饮料、化妆品),互联网/电子商务']",['创业公司'],['50-150人'],"['岗位职责：', '1、负责系统平台的日常运维，包括巡检、监控、备份、故障处理、系统优化等提供技术支持；', '2、\xa0负责公司网络及其设备的维护、管理、故障排除等日常工作；', '3、基础生产环境、系统的维护及配置。', '4、提取系统数据供公司决策判断，维护会员数据完整性', '\xa0', '任职资格：', '1、熟悉Mysql数据库，熟练SQL语言和脚本', '2、了解通信行业、IT技术、移动互联网产品、有较强的学习能力，能熟练操作办公类软件；', '3、有社交电商经验、基本开发经验优先；', '4、勤奋、积极、有抗压能力，责任心强，沟通表达能力强，具有团队合作精神。']"
数据专员,上海-松江区,递一国际物流有限公司,6-8千/月,06-23,"['上海-松江区\xa0\xa0', '\xa0\xa01年经验\xa0\xa0', '\xa0\xa0大专\xa0\xa0', '\xa0\xa0招1人\xa0\xa0', '\xa0\xa006-23发布']",['交通/运输/物流'],['民营公司'],['150-500人'],"['岗位职责：', '1、汇总数据、确保报表数据的及时性、完整性、准确性；\xa0', '2、完成具体指定的数据统计工作及对统计资料进行管理及归档；\xa0', '3、完成上级领导安排的其他工作；\xa0', '岗位要求：', '\xa01、电脑运用熟练，对excel函数、数据透视表等十分熟悉；\xa0', '2、擅长数据统计，对数字敏感；\xa0', '3、能够准时、准确的于规定之时效内，完成数据统计工作；\xa0', '4、做事严谨、细心，有较好的沟通能力和团队合作精神，抗压能力强；\xa0', '5、大专级以上学历。']"
IT数据主管兼招投标专员,深圳-福田区,深圳市汇诚征信管理顾问有限公司,6-8千/月,06-23,"['深圳-福田区\xa0\xa0', '\xa0\xa02年经验\xa0\xa0', '\xa0\xa0大专\xa0\xa0', '\xa0\xa0招1人\xa0\xa0', '\xa0\xa006-23发布']",['金融/投资/证券'],['民营公司'],['150-500人'],['负责公司电脑系统、打印机、服务器、网络运行、维护，IT数据主管兼招投标专员。']
大数据咨询顾问,天津-河北区,四川能信科技股份有限公司,0.8-1.5万/月,06-23,"['天津-河北区\xa0\xa0', '\xa0\xa03-4年经验\xa0\xa0', '\xa0\xa0本科\xa0\xa0', '\xa0\xa0招若干人\xa0\xa0', '\xa0\xa006-23发布']","['计算机软件,计算机服务(系统、数据服务、维修)']",['上市公司'],['50-150人'],"['1、为客户大数据解决方案，满足客户需求，主导项目的技术方案部分等工作；', '2、可以独立进行需求调研；', '3、根据客户需求进行大数据应用方案设计；', '4、熟悉软件需求规格说明书的编写；', '5、进行大数据应用产品功能性测试；', '6、3年以上大数据工作经验。', '任职要求：', '1、大学本科毕业；', '2、熟悉主流的数据库、BI、数据仓库、数据挖掘产品，具备相关解决方案；', '3、具有出色的表达沟通能力和讲解能力。', '4、优秀的方案功底，有较强的创造性思维能力及良好的表达能力；', '5、有电力管理咨询项目经验、大数据项目经验、智慧城市项目经验者优先；', '6、具备较强的不断学习能力，能承受工作压力。', '7、根据项目要求可接受出差。']"
数据分析师,深圳-福田区,深圳前海中移华捷投资管理有限公司,1-2万/月,06-23,"['深圳-福田区\xa0\xa0', '\xa0\xa0在校生/应届生\xa0\xa0', '\xa0\xa0硕士\xa0\xa0', '\xa0\xa0招若干人\xa0\xa0', '\xa0\xa006-23发布\xa0\xa0', '\xa0\xa0统计学 数学与应用数学']",['金融/投资/证券'],['民营公司'],['少于50人'],"['辅助交易团队和投资经理进行数据分析和建模，主要包含：', '1、金融衍生品数据的提取、清洗和整理；', '2、', '4、']"
商业数据分析师,上海,上海宏原信息科技有限公司,0.8-1.5万/月,06-23,"['上海\xa0\xa0', '\xa0\xa02年经验\xa0\xa0', '\xa0\xa0本科\xa0\xa0', '\xa0\xa0招2人\xa0\xa0', '\xa0\xa006-23发布\xa0\xa0', '\xa0\xa0英语熟练']","['互联网/电子商务,计算机服务(系统、数据服务、维修)']",['民营公司'],['50-150人'],"['岗位职责：', '岗位要求:', '7、相信大数据在市场营销领域的应用价值和前景，有消费者洞察项目/实习经验者优先。']"
数据专员,黄石,黄石市中梁房地产有限公司,8-15万/年,06-23,"['黄石\xa0\xa0', '\xa0\xa03-4年经验\xa0\xa0', '\xa0\xa0本科\xa0\xa0', '\xa0\xa0招1人\xa0\xa0', '\xa0\xa006-23发布']",['房地产'],['民营公司'],['1000-5000人'],"['1、严格执行营销管理制度，与现场销售的对接；', '\xa0\xa0', '\xa0', '\xa0 \xa0', '本岗位为武汉/黄石新项目储备。', '\xa0\xa0', '\xa0 \xa0\xa0', '\xa0 \xa0', '\xa0']"
数据仓库开发工程师,上海-长宁区,上海润迅商凯电话商务有限公司,1.5-2.2万/月,06-23,"['上海-长宁区\xa0\xa0', '\xa0\xa02年经验\xa0\xa0', '\xa0\xa0大专\xa0\xa0', '\xa0\xa0招5人\xa0\xa0', '\xa0\xa006-23发布']","['通信/电信运营、增值服务,通信/电信/网络设备']",['民营公司'],['1000-5000人'],"['岗位职责：', '1.负责数据产品的数仓模型设计、优化；', '2.负责数据模型的ETL开发及维护；', '3.负责面向业务的数据消费、提取、分析、报表、挖掘等系统设计和开发工作。', '4.负责数据全生命周期管理和数据源头回溯相关的技术开发工作；', '5.负责数据仓库质量控制、稽核的相关开发工作。', '任职要求：', '1、计算机专业大专及以上学历。两年以上的离线、实时、OLAP数据分析处理项目经验；', '2、精通SQL开发，掌握MySQl、Oracle等关系型数据库中的一种，对redis、mongoDB等数据库有一定的了解。', '3、具备实时处理框架的设计和开发能力，熟练掌握Storm、Spark\xa0streaming等大数据实时处理框架中的一种;', '4、熟悉Spark\xa0、R、Hadoop、Hbase、Hive、Elastic\xa0Search/Solr等大数据相关技术;', '5、熟悉Scala、熟悉Linux开发环境，能进行shell脚本/python脚本的编写;', '6、两年以上数据仓库设计和ETL开发经验，熟悉数据仓库建模设计、元数据管理、数据质量监控等；', '7、具有较强的逻辑分析能力，高度的责任心及团队合作精神;']"
数据处理工程师,合肥-高新区,拓航科技有限公司,3-7千/月,06-23,"['合肥-高新区\xa0\xa0', '\xa0\xa01年经验\xa0\xa0', '\xa0\xa0本科\xa0\xa0', '\xa0\xa0招2人\xa0\xa0', '\xa0\xa006-23发布']","['计算机软件,航天/航空']",['民营公司'],['50-150人'],"['工作职责：', '1、按照地图数据处理流程和规范进行数据质量保证；', '2、参与4D数据制作及部分三维建模工作；', '3. 与无人机飞手配合进行工程项目工作；', '4、质量保证过程中能够识别问题、分析问题并制定改善方案；', '能力要求：', '1、相关行业工作经验：有地图/测绘相关背景或从业经验，地图学常识，具备地图投影、坐标转换的技能者优先', '2、熟练使用office办公软件。', '3、对图像数据敏感，有较强的分析能力和自学能力。', '4、熟练使用GIS相关软件，如ArcGis、', '5、工作态度端正，认真负责。了解无人机航拍及航测相关知识，能够对无人机航拍采集的图片进行质量审核及处理；', '6、 能熟练使用红外测温软件，如flir\xa0tools等，识别图片数据中的隐患缺陷，并根据相关规范编写数据处理报告；', '7、遥感、地信、测绘、无人机等相关专业、有电网行业工作经历者优先；', '\xa0 \xa0 \xa0 \xa0 \xa0 \xa0 \xa0 \xa0\xa0']"
数据产品经理,广州-天河区,千音网络科技（广州）有限公司,0.8-1万/月,06-23,"['广州-天河区\xa0\xa0', '\xa0\xa02年经验\xa0\xa0', '\xa0\xa0本科\xa0\xa0', '\xa0\xa0招1人\xa0\xa0', '\xa0\xa006-23发布']","['互联网/电子商务,计算机软件']",['民营公司'],['50-150人'],"['1.负责公司项目产品/运营系统数据报表的整体开发规划', '2.深刻理解内外部客户对相应产品的需求，制定短期及长期产品目标、策略和计划，通过新产品设计和已有产品的优化满足业务需求', '3.确定技术实施方案及合理的执行计划，在产品的设计、开发、发布、运营、数据等不同阶段把握产品的方向和质量', '4.负责产品需求文档、用户手册的编写组织工作', '5.负责产品开发中需求跟进以及上线后功能确认', '6.负责竞争对手的产品跟踪分析，根据市场反馈和用户需求，不断改善产品功能', '任职要求：', '岗位要求：', '1.具有1年以上全职产品经理且负责过业务数据优化工作经验\xa0\xa0\xa0\xa0', '2.独立负责至少一个较大功能模块的规划、设计、开发、运营等工作\xa0', '3.优秀的逻辑分析能力，具备良好的沟通交流能力和文字语言表达能力', '4.熟悉Axure、Excel、PPT等基础办公软件；能熟练使用EXCEL各种统计函数及图表制作功能\xa0', '5.熟练使用SQL语言，注重SQL查询效率，能高效处理MySQL/Oracle等关系型数据库数据。', '6.熟悉项目管理知识，独立针对小型项目进行任务分解和进度安排，并跟踪监控\xa0\xa0', '7.具有良好的分析报告撰写能力，熟悉数据可视化相关理论，能制作专业分析报告', '8.具有音视频社交行业经验优先考虑']"
数据处理专员,苏州,瑞泰信息技术有限公司,2.5-4千/月,06-23,"['苏州\xa0\xa0', '\xa0\xa0大专\xa0\xa0', '\xa0\xa0招6人\xa0\xa0', '\xa0\xa006-23发布']","['计算机软件,互联网/电子商务']",['民营公司'],['150-500人'],"['1.对项目数据进行收集、录入和统计并进行格式整理，特例处理；', '2对项目数据进行校对复核，调整删除；', '3.按照项目进度，完成数据准时、准确、完整的交付；', '\xa0', '职位要求:', '1大专以上学历（或在读大专以上学生），熟悉Excel办公软件操作；', '2、工作细心、有耐心；']"
数据统计员,昆明-盘龙区,昆明宝力豪健身有限公司,3-4.5千/月,06-23,"['昆明-盘龙区\xa0\xa0', '\xa0\xa01年经验\xa0\xa0', '\xa0\xa0大专\xa0\xa0', '\xa0\xa0招1人\xa0\xa0', '\xa0\xa006-23发布']",['娱乐/休闲/体育'],['民营公司'],['50-150人'],"['工作内容：', '1、规范审核公司销售部门合约（会籍合约和私教合约）；', '2、统计业绩', '3、统计私教课时', '4、财务部领导安排其他事物', '要求：', '1、了解财务基本常识', '2、熟练使用Excel', '3、思维清晰，有责任心，认真负责', '4、有良好的沟通能力，语言表达清楚']"
数据统计员,南京-江宁区,南京悠维有机食品有限公司,3.5-4千/月,06-23,"['南京-江宁区\xa0\xa0', '\xa0\xa0无需经验\xa0\xa0', '\xa0\xa0大专\xa0\xa0', '\xa0\xa0招若干人\xa0\xa0', '\xa0\xa006-23发布']",['快速消费品(食品、饮料、化妆品)'],['民营公司'],['50-150人'],"['岗位职责：', '1、主要协助完成财务部对接仓库、采购、代加工厂各业务模块基础数据整理、汇总工作并建立形成相应统计报表；', '2、合同、业务单据、凭证等各项凭证的整理建档；', '3、其他上级领导交代的各项任务。', '岗位要求：', '1、大专以上学历，财会相关专业；', '2、熟练使用office办公软件；', '3、有数理统计、会计相关领域工作经验者优先；', '4、工作仔细认真，责任心强，为人正直沟通能力强，保密性强。']"
数据统计员,上海-杨浦区,北极绒（上海）实业发展有限公司,6-8千/月,06-23,"['上海-杨浦区\xa0\xa0', '\xa0\xa01年经验\xa0\xa0', '\xa0\xa0大专\xa0\xa0', '\xa0\xa0招1人\xa0\xa0', '\xa0\xa006-23发布']","['服装/纺织/皮革,互联网/电子商务']",['民营公司'],['50-150人'],"['岗位职责：', '1.负责品牌各电商平台店铺日常销售数据、运营数据统计汇总工作；', '2.负责平台资源活动情况统计完成分析报告；', '3.收集分析行业、竞品及TOP商家运营情况；', '4.对现有客户、店铺等相关信息整理更新；']"
数据运营,深圳-宝安区,深圳市蜂窝数据信息技术有限公司,5-8千/月,06-23,"['深圳-宝安区\xa0\xa0', '\xa0\xa02年经验\xa0\xa0', '\xa0\xa0大专\xa0\xa0', '\xa0\xa0招1人\xa0\xa0', '\xa0\xa006-23发布']",['互联网/电子商务'],['民营公司'],['50-150人'],"['岗位职责：', '1、监测并分析产品及行业相关数据，进行日常分析及监控；', '2、负责日常数据的报表统计分析', '3、协助运营经理分析报告图表预测可能出现的问题', '4、及时监控每天的数据导入；', '5、协助运营经理解决日常的渠道对接或运营商对接', '6、协助市场经理运营经理解决合同的签订和结款', '7、建立供需分析体系，评估预测公司在全国各城市各区域的潜在需求量和供给投放量。', '任职要求：', '1、 计算机相关专业优先，有互联网公司产品运营或数据运营经历者优先；', '2、 有统计学、数学、经济学、金融学、计算机等相关专业优先。', '3、 对数据敏感，通过数据及用户描述，对现象和问题有较强的定位和分析能力；善于归纳总结，能够提出解决方案。', '4、 有负责过多个数据分析的项目，熟悉相关应用场景及分析方法，有数据实际运用的经验；', '5、 能够使用常见的数据分析软件进行工作，并将工作结果以多种形式反馈给各业务部门', '6、有良好的亲和力和沟通能力，及执行能力。', '7、具备良好的学习能力，优秀的文档能力、较强的推动能力和执行力；', '8、善于沟通，有良好的协调能力和优秀的团队协作精神；', '9、责任心强，专注细节，且具备持续改善精神。']"
商品数据分析主管,佛山-南海区,佛山市南海川之尚服饰有限公司,0.5-1万/月,06-23,"['佛山-南海区\xa0\xa0', '\xa0\xa03-4年经验\xa0\xa0', '\xa0\xa0大专\xa0\xa0', '\xa0\xa0招1人\xa0\xa0', '\xa0\xa006-23发布\xa0\xa0', '\xa0\xa0统计学 数学与应用数学']","['服装/纺织/皮革,批发/零售']",['民营公司'],['1000-5000人'],"['1、协调所负责项目整体营运管理,督促完成各类营运指标;', '2、定期市场调研,并负责各项目营运数据的汇总、整理及分析,为各项目的经营提出指导意见;', '3、定期对国内先进购物中心市场调研,提供资讯及数据参考,指导各项目提高日常营运管理水平;', '任职资格：', '1、大专以上学历，年龄在40岁以下；', '2、3年上品牌服装/内衣商品运营等相关工作经验，丰富的商品数据分析经验，有同等岗位工作经验者优先；', '3、对代理运营模式有一定的了解；', '4、精通office软件，掌握报表制作函数（如vlookup、sumif、rank函数、数据透视表），能有效完成数据统计工作；', '5、熟练使用ERP系统。', '6、了解国家、地区商品法、消费者权益保护法等相关法律法规', '7、好的沟通、协调、商务谈判、组织观念强;有集体团队意识,做事沉着仔细,应变能力强;', '福利待遇：', '1、公司免费提供食宿，宿舍环境优美，有空调热水器等，3-6人一间宿舍', '2、为员工购买社保', '3、上班时间为8:30-12:20 \xa0 13:50-18:00周日休息', '备注：符合条件的求职者，可以直接电话联系，联系电话：0757-81108669罗小姐/张小姐']"
保底6000销售业务数据分析ab,上海,成翰信息,1.5-3万/月,06-23,"['上海\xa0\xa0', '\xa0\xa0无需经验\xa0\xa0', '\xa0\xa0大专\xa0\xa0', '\xa0\xa0招10人\xa0\xa0', '\xa0\xa006-23发布']","['专业服务(咨询、人力资源、财会),互联网/电子商务']",['合资'],['500-1000人'],"['销售顾问（底薪6000）―资深销售顾问（底薪8000）―业务襄理（底薪10000）―业务主任（底薪12000） ― Team Leader ― 经理 ― 资深经理（讲师）', '上海市杨浦区大连路588号宝地广场']"
运营数据专员,无锡-梁溪区,无锡优房房产经纪有限公司,3.5-5千/月,06-23,"['无锡-梁溪区\xa0\xa0', '\xa0\xa01年经验\xa0\xa0', '\xa0\xa0本科\xa0\xa0', '\xa0\xa0招1人\xa0\xa0', '\xa0\xa006-23发布']","['中介服务,房地产']",['民营公司'],['500-1000人'],"['岗位职责：', '\xa01.负责公司运营数据的统计和分析 \xa0 \xa0', '\xa02.负责门店日常工作的安排及检查 \xa0\xa0', '\xa03.活动的组织以及其他工作安排', '\xa0 \xa0 \xa0 \xa0 \xa0\xa0', '岗位要求：', '\xa01.20-35岁之间，，无经验要求； \xa0 \xa0 \xa0\xa0', '\xa02.熟练操作办公软件\xa0、有耐心、工作细心、有良好的执行力和团队精神；\xa0', '\xa03.精通excel、word，会使用ppt、photoshop等office常用软件', '\xa04.勤奋好学，吃苦耐劳，工作仔细认真，有责任心、主动性强，善于沟通', '\xa0\xa0\xa0\xa0\xa0\xa0\xa0', '工作时间：月休6天，大小休，上午9点~下午6点。午休一小时', '工作地点：清扬路137号恒威大厦（地铁口清明桥旁）']"
大数据开发工程师,南京,昆山双宇新信息科技有限公司,6-8千/月,06-23,"['南京\xa0\xa0', '\xa0\xa0无需经验\xa0\xa0', '\xa0\xa0大专\xa0\xa0', '\xa0\xa0招1人\xa0\xa0', '\xa0\xa006-23发布']",['计算机软件'],['民营公司'],['少于50人'],"['岗位职责：', '1.负责存储过程、函数的编写；', '2.负责整理项目文档；', '3.负责数据库性能分析与调优，排错，保证数据安全；', '4.负责系统数据库的定期维护和异常处理；', '职责要求：', '1.计算机相关专业本科及以上学历，1年及以上开发经验；', '2.熟悉UNIX、LINUX、AIX操作系统，熟练掌握Shell脚本编程；', '3.熟练使用Oracle数据库，具有oracle PL/SQL、存储过程的实际设计开发经验；', '福利待遇：', '1、【薪资】转正6-1W，一年后年薪10-15万。', '2、【保险】五险一金', '3、【涨薪与发展】年底2-6月奖金，并每年两次调薪。', '4、【其他福利】定期体检，月度聚餐，节日旅游，生日奖', '5、【工作时间】五天工作制，早9点-晚18：00，周末双休！']"
数据库开发工程师,昆明-盘龙区,云南彬驰信息技术有限公司,10-15万/年,06-23,"['昆明-盘龙区\xa0\xa0', '\xa0\xa03-4年经验\xa0\xa0', '\xa0\xa0大专\xa0\xa0', '\xa0\xa0招2人\xa0\xa0', '\xa0\xa006-23发布']","['通信/电信/网络设备,计算机软件']",['民营公司'],['少于50人'],"['1、通过PI-API、PI-SDK、PI-OLEDB/ODBC等接口进行开发；', '2、通过PI客户端工具进行开发；', '3、通过PI系统可扩展接口库，进行其他各种过程监控、自动操作等系统连接开发；', '4、通过COM连接技术，进行PI与用户原有或将来需要增加的数据库之间有效融合的开发；', '5、基于PI数据采集，进行系统运行大数据分析，辅助用户生产管理。', '公司提供学习OSIsoft 公司PI系统的条件，只要你具备扎实的专业基础和较强的学习能力，能快速上手；', '该项目为公司重点项目，项目具有多年长期性。', '1、大专以上学历，软件工程、自动化等相关专业；', '2、熟练掌握C#开发语言，熟悉VBA；', '3、熟悉OSIsoft 公司PI系统，包括各种接口、客户端工具等，有PI相关开发工作经验优先录用；', '4、较强的英文阅读能力，可以学习英文资料；', '5、具备良好的沟通能力，责任心强，有团队合作精神，具备较强的自学能力、自我提升动力，能独立承担工作、有吃苦耐劳精神。']"
数据统计员,珠海,湖北航特装备制造股份有限公司,4.5-6千/月,06-23,"['珠海\xa0\xa0', '\xa0\xa02年经验\xa0\xa0', '\xa0\xa0大专\xa0\xa0', '\xa0\xa0招2人\xa0\xa0', '\xa0\xa006-23发布']",['汽车'],['国企'],['1000-5000人'],"['岗位职责：', '1、做好部门内外的数据统计、报表、对账等工作；', '2、负责部门月度资金计划、月度销售报表、月度物流报表的编制；', '3、监管公司对外发出商品及外部欠款的管理工作；', '4、负责按照月度资金计划监控部门费用报销，进行发票统计、财务入账工作；', '5、完成领导交办的其他事宜。', '任职条件：', '1、40岁以下，大专及以上学历；', '2、具有2年以上统计工作经验；', '3、具备一定的沟通能力和市场风险洞察能力；', '4、具备较强的工作责任心，工作认真细致；', '5、具备熟练使用office/word/PPT等办公软件。']"
数据产品经理,上海,欧冶云商股份有限公司,15-40万/年,06-23,"['上海\xa0\xa0', '\xa0\xa03-4年经验\xa0\xa0', '\xa0\xa0本科\xa0\xa0', '\xa0\xa0招若干人\xa0\xa0', '\xa0\xa006-23发布']",['计算机软件'],['国企'],['1000-5000人'],"['岗位职责：', '1、负责数据产品的规划、设计，以及持续改进和完善等工作；', '2、通过产品市场需求调研，竞品分析及其他需求输入，提出产品创意，并进行可行性分析；', '3、撰写详细的产品设计文档，完成产品的界面、功能、流程设计，并进行评审确认；', '4、 产品开发过程中，负责管理、协调、沟通，控制进度，把控产品质量。', '任职资格：', '1、本科及以上学历，计算机相关专业，3年以上产品设计经验，有大数据可视化产品设计经验者优先；', '2、具体由良好的商业敏感度和数据分析技能；', '3、具有较强的沟通表达、项目管理及组织协调能力；', '4、有一定的技术背景，熟练使用SQL完成各项数据统计并从中发现问题，至少熟悉一款以上统计分析工具；']"
数据维护实习生,上海-浦东新区,上海中汇亿达金融信息技术有限公司,150元/天,06-23,"['上海-浦东新区\xa0\xa0', '\xa0\xa0无需经验\xa0\xa0', '\xa0\xa0本科\xa0\xa0', '\xa0\xa0招2人\xa0\xa0', '\xa0\xa006-23发布\xa0\xa0', '\xa0\xa0金融学 统计学']","['金融/投资/证券,计算机软件']",['合资'],['150-500人'],"['职位内容：', '1、收集并分析银行间及交易所债券市场及固收创新产品相关信息', '2、根据市场的公开资料对银行间债券信息进行维护和审核', '3、进行外汇数据以及利率指标维护', '职位要求：', '1、本科或研究生在读，金融、经济、财会等相关专业，2021届和2022届在校生可投递', '2、工作细致、耐心、有责任心', '3、具有独立思考和自我学习能力', '4、积极上进，具有团队合作精神', '5、耐心、踏实、能够承受枯燥的重复工作，并且有团队合作意识']"
数据库管理员,北京,北京京云万峰信息技术有限公司,1-1.5万/月,06-23,"['北京\xa0\xa0', '\xa0\xa03-4年经验\xa0\xa0', '\xa0\xa0本科\xa0\xa0', '\xa0\xa0招3人\xa0\xa0', '\xa0\xa006-23发布']","['计算机软件,计算机服务(系统、数据服务、维修)']",['民营公司'],['50-150人'],"['1）负责数据库系统日常管理', '  2）负责参与项目的数据库设计', '3）负责数据库系统部署方案的计划、设计及实施', '4）负责监控和优化数据库的性能', '职位要求：', '1）本科及以上学历，计算机或相关专业；', '  2）两年以上Oracle数据库的开发管理维护经验及项目实施经验；', '  3）精通Oracle数据库的设计和优化，PL/SQL 编程；', '4）掌握主流数据建模工具软件和方法；', '5）熟练使用数据库监控、调优工具', '                        ', '6）熟悉RAC数据库的安装与维护']"
数据中心规划师,杭州-余杭区,杭州云之鼎数据科技有限公司,1-2万/月,06-23,"['杭州-余杭区\xa0\xa0', '\xa0\xa03-4年经验\xa0\xa0', '\xa0\xa0本科\xa0\xa0', '\xa0\xa0招1人\xa0\xa0', '\xa0\xa006-23发布']","['计算机服务(系统、数据服务、维修),通信/电信/网络设备']",['民营公司'],['50-150人'],[]
数据运营,上海-虹口区,上海极艾网络科技有限公司,4.5-6千/月,06-23,"['上海-虹口区\xa0\xa0', '\xa0\xa01年经验\xa0\xa0', '\xa0\xa0大专\xa0\xa0', '\xa0\xa0招1人\xa0\xa0', '\xa0\xa006-23发布']","['互联网/电子商务,计算机软件']",['民营公司'],['少于50人'],"['岗位职责：', '1. 负责上海移动电子商务平台日常数据的收集整理与分析，确保数据的准确性、及时性；', '2. 熟练制作各类数据报表，对数据精准分析，并不断优化提高转化率；', '3. 根据业务需求，参与各类业务的日常拨测，流程穿越，及时反馈测试结果；', '4. 与团队其他成员积极配合，完成临时性的其他数据及运营支撑工作。', '任职资格：', '1. 统招大专及以上学历，1年及以上互联网或电子商务行业经验者优先；', '2. 熟练运用Word、Excel和PPT，有一定的数据分析能力；', '3. 服从领导安排，执行力强，良好的沟通能力。']"
数据采集分析实习生,异地招聘,浙江天正信息科技有限公司,2-5千/月,06-23,"['杭州\xa0\xa0', '\xa0\xa0无需经验\xa0\xa0', '\xa0\xa0大专\xa0\xa0', '\xa0\xa0招5人\xa0\xa0', '\xa0\xa006-23发布']","['计算机软件,计算机硬件']",['国企'],['50-150人'],"['1、房地产估价相关专业（包括技术经济、房地产经营、房地产经营与估价、房地产经济、金融、营销等专业）；', '2、具有良好的语言表达能力和沟通能力，能适应出差；', '3、良好的职业素养、吃苦耐劳、愿意服从公司安排，了解房地产行业，熟悉估价理论与方法；', '4、负责房地产数据采集、调查及统计分析工作；']"
法务助理兼数据核算（购物中心）,广州-海珠区,广州市蓝田万国商业有限公司,6-8千/月,06-23,"['广州-海珠区\xa0\xa0', '\xa0\xa02年经验\xa0\xa0', '\xa0\xa0大专\xa0\xa0', '\xa0\xa0招1人\xa0\xa0', '\xa0\xa006-23发布\xa0\xa0', '\xa0\xa0粤语 英语']","['物业管理/商业中心,批发/零售']",['民营公司'],['150-500人'],['要求：30岁以下，全日制大专或以上，工龄2年以上。']
数据库管理员,异地招聘,苏州市惠沃电子科技有限公司,1-1.5万/月,06-23,"['昆山\xa0\xa0', '\xa0\xa05-7年经验\xa0\xa0', '\xa0\xa0大专\xa0\xa0', '\xa0\xa0招若干人\xa0\xa0', '\xa0\xa006-23发布']",['电子技术/半导体/集成电路'],['合资'],['50-150人'],"['1.\xa0负责物理机与虚拟化的硬件配置，软件安装，设备上下架等技术维护工作；', '2.\xa0负责公司服务器及系统的整体规划及安全管理，对接应用系统高可用，保障公司业务系统稳定高效的运行；', '3.\xa0负责监控服务器运行状况，针对服务器软硬件问题的故障诊断和排除，及时发现问题，并积极解决问题，保证服务器正常运转；', '4.\xa0负责系统用户角色与权限的维护、流程的调整与优化；', '5.\xa0负责服务器相关应用及配合其他部门项目的需求调研、优化、实施、落地及日常管理；', '6.\xa0负责检查并确保服务器资产的准确性；', '7.\xa0负责编写系统运维操作手册、实施方案、实施报告、巡检报告及故障处理报告等；', '8.\xa0严格遵守变更流程，确保不因变更操作而导致系统服务停机或异常；', '9.\xa0完成领导交办的其他事项；', '10.\xa0具有清晰的逻辑思维能力，新技术、新知识的学习能力及较强的抗压能力；', '11.\xa0良好的团队合作精神和较强的敬业精神。', '任职要求：', '全日制大专及以上学历，28-35周岁，6年以上专职数据库管理经验，OCP优先', '岗位要求：', '1.\xa0精通My\xa0SQL及MS\xa0SQL；', '2.\xa0熟悉Mango\xa0DB的搭建与维护；', '3.\xa0精通数据结构能对数据进行优化及备份；']"
数据开发工程师（BI）,广州-荔湾区,广州市零码汇信息科技有限公司,1-1.5万/月,06-23,"['广州-荔湾区\xa0\xa0', '\xa0\xa03-4年经验\xa0\xa0', '\xa0\xa0大专\xa0\xa0', '\xa0\xa0招1人\xa0\xa0', '\xa0\xa006-23发布']",['互联网/电子商务'],['民营公司'],['150-500人'],"['1、协助需求人员及产品经理，完成数据处理方案制定、数据模型设计、kettle作业及调度设计、数据仓库维护；', '2、根据业务部门需求完成数据处理相关kettle作业开发，并对交付质量负责；', '3、负责商品分析，数据挖掘和分析，为商品企划提供数据支持；', '4、根据商品销售情况预测商品销售趋势，确定商品供应需求，为商品计划和销售计划提供参考依据；', '任职要求：', '1、熟悉Hadoop技术生态，有MapReduce开发经验者优先；', '2、掌握基本的统计方法，熟悉至少一种数据库软件（如：ORACLE、MYSQL、SQL \xa0Server等），熟悉至少一种ETL开发工具，有kettle开发经验者优先；', '3、了解数据仓库基本原理，有数据仓库开发经验者优先；', '了解JAVA开发及WEB应用技术架构,有JAVA开发经验者优先；', '4、3年及以上相关数据分析工作经验，逻辑思维清晰；', '5、本科及以上学历，统计学、计算机、等专业优先；', '6、了解电商服装行业，具有相关行业的数据分析工作经验者优先']"
大数据产品经理,南京-江宁区,江苏金智教育信息股份有限公司,1.5-2.5万/月,06-23,"['南京-江宁区\xa0\xa0', '\xa0\xa05-7年经验\xa0\xa0', '\xa0\xa0本科\xa0\xa0', '\xa0\xa0招1人\xa0\xa0', '\xa0\xa006-23发布']","['计算机软件,互联网/电子商务']",['民营公司'],['1000-5000人'],"['1、大学本科及以上学历', '2、3年以上数据分析、数据产品工作经验；参与或主导过大型数据体系或报表体系的搭建，具备数据产品设计能力，有较好的业务抽象能力和系统设计能力；', '3、熟练使用Office、Axure、Sketch、Visio、Xmind、SQL、Tableau；掌握数据分析理念及工具，了解Hadoop/Hive/数据库设计经验更优；', '4、热爱数据，具有出色的数据敏感性和分析能力，快速的业务理解及学习能力，逻辑思维能力强，商业直觉敏锐、用户体验嗅觉出色；', '5、丰富的数据分析，挖掘，和数据仓库建模的项目实践经验，擅长常用的统计方法如：线性回归、逻辑回归、聚类等；', '6、熟悉大数据产品全过程管理，包括收集用户需求、进行竞品调研、研究产品定位、制定产品规划、设计产品功能等，并拟定优先级合理的具体实施计划，保障相关业务指标的达成；', '7、结合实际业务场景，提炼产品核心价值，把握产品定位和目标，搭建数据产品体系，规划设计产品的功能、服务及流程，撰写相应的产品文档；', '8、可与高校SaaS场景服务产品经理、客户成功一起，提炼数据型产品，并根据场景服务产品和客户成功的需要进行数据模型及产品的分析和设计；', '9、能够对数据产品进行整体研究及策划，完成数据产品的立项，制定产品年度计划和长期发展规划；组织或协助团队完成大数据平台产品、应用产品、分析产品、可视化产品的整体规划；', '10、具有良好的服务精神，团队协作和业务协调能力；自我驱动、抗压能力强；', '11、有教育行业数据分析产品工作经验者优先；']"
数据库管理员Oracle Argus（南京）,异地招聘,南京希麦迪医药科技有限公司,0.8-1.4万/月,06-23,"['南京-江宁区\xa0\xa0', '\xa0\xa02年经验\xa0\xa0', '\xa0\xa0本科\xa0\xa0', '\xa0\xa0招2人\xa0\xa0', '\xa0\xa006-23发布']","['制药/生物工程,外包服务']",['合资'],['150-500人'],['任职要求：']
商品数据分析,南京-建邺区,哥弟,4.5-8千/月,06-23,"['南京-建邺区\xa0\xa0', '\xa0\xa0在校生/应届生\xa0\xa0', '\xa0\xa0本科\xa0\xa0', '\xa0\xa0招2人\xa0\xa0', '\xa0\xa006-23发布']","['批发/零售,服装/纺织/皮革']",['民营公司'],['150-500人'],"['职位描述：\xa0\xa0', '\xa0\xa0\xa0\xa0']"
