1	post_content_146503634309	2001-01-01 00:00:00	超银强	                    水经验来这  别在其他贴影响观感	https://tieba.baidu.com/p/8208307261	female	IP属地:浙江
2	post_content_146503635882	2001-01-01 00:00:00	超银强	                    真能加9吗	https://tieba.baidu.com/p/8208307261	female	IP属地:浙江
3	post_content_146503636420	2001-01-01 00:00:00	超银强	                    1	https://tieba.baidu.com/p/8208307261	female	IP属地:浙江
4	post_content_146503636748	2001-01-01 00:00:00	超银强	                    1	https://tieba.baidu.com/p/8208307261	female	IP属地:浙江
5	post_content_146503637012	2001-01-01 00:00:00	超银强	                    1	https://tieba.baidu.com/p/8208307261	female	IP属地:浙江
6	post_content_146503637251	2001-01-01 00:00:00	超银强	                    1	https://tieba.baidu.com/p/8208307261	female	IP属地:浙江
7	post_content_146503639140	2001-01-01 00:00:00	本人不对一切发言负责	                    喂吧主吃桌饺捏	https://tieba.baidu.com/p/8208307261	female	IP属地:宁夏
8	post_content_146503642835	2001-01-01 00:00:00	斯考特莫洛夫	                    3，	https://tieba.baidu.com/p/8208307261	male	IP属地:河南
9	post_content_146503643436	2001-01-01 00:00:00	斯考特莫洛夫	                    3	https://tieba.baidu.com/p/8208307261	male	IP属地:河南
10	post_content_146503643853	2001-01-01 00:00:00	斯考特莫洛夫	                    3	https://tieba.baidu.com/p/8208307261	male	IP属地:河南
11	post_content_146503647926	2001-01-01 00:00:00	九张机︎	                    好	https://tieba.baidu.com/p/8208307261	female	IP属地:上海
12	post_content_146503688023	2001-01-01 00:00:00	古橋上的貓	                    私信回复一下	https://tieba.baidu.com/p/8208307261	female	IP属地:四川
13	post_content_146503758159	2001-01-01 00:00:00	田小娟.	                    你几把谁啊	https://tieba.baidu.com/p/8208307261	male	IP属地:广东
14	post_content_148159006030	2001-01-01 00:00:00	借我三亿精兵	                    	https://tieba.baidu.com/p/8520644173	male	IP属地:河北
15	post_content_148159170569	2001-01-01 00:00:00	空了吗那	                    没存在感，所以没人关注罢了	https://tieba.baidu.com/p/8520644173	male	IP属地:江苏
16	post_content_148159603719	2001-01-01 00:00:00	TTUNDSKY	                    	https://tieba.baidu.com/p/8520644173	male	IP属地:云南
17	post_content_148159656327	2001-01-01 00:00:00	waston	杀不死的石家庄人	https://tieba.baidu.com/p/8520644173	female	IP属地:上海
18	post_content_148159743604	2001-01-01 00:00:00	踏着	                    唉，京津的星怒罢了	https://tieba.baidu.com/p/8520644173	female	IP属地:江苏
19	post_content_148159781294	2001-01-01 00:00:00	的少年	                    离北京和天津那么近 你们肯定很有钱吧	https://tieba.baidu.com/p/8520644173	male	IP属地:陕西
20	post_content_148159816867	2001-01-01 00:00:00	又一小号而已	                    河北还没人黑？京津的输血泵罢了	https://tieba.baidu.com/p/8520644173	male	IP属地:天津
21	post_content_148159820622	2001-01-01 00:00:00	抡棒子法师甘道夫	                    京爷的qq农场罢了	https://tieba.baidu.com/p/8520644173	male	IP属地:天津
22	post_content_148159949577	2001-01-01 00:00:00	抡棒子法师甘道夫	                    京✌️的qq农场罢了	https://tieba.baidu.com/p/8520644173	female	IP属地:辽宁
23	post_content_148162465314	2001-01-01 00:00:00	寻江夏	                    京津的rbq罢了	https://tieba.baidu.com/p/8520644173	male	IP属地:陕西
24	post_content_148162639469	2001-01-01 00:00:00	朝歌	                    想吃烧烤了	https://tieba.baidu.com/p/8520644173	male	IP属地:北京
25	post_content_148161705422	2001-01-01 00:00:00	尼古拉—特斯拉	                    没抢到热的	https://tieba.baidu.com/p/8521094345	male	IP属地:江苏
26	post_content_148161950862	2001-01-01 00:00:00	尼古拉—特斯拉	                    什么贴吧	https://tieba.baidu.com/p/8521094345	male	IP属地:江苏
27	post_content_148162266128	2001-01-01 00:00:00	尼古拉—特斯拉	                    怎么练只找骂的都没有啊	https://tieba.baidu.com/p/8521094345	male	IP属地:江苏
28	post_content_148162307565	2001-01-01 00:00:00	明复	                    今日首绷	https://tieba.baidu.com/p/8521094345	male	IP属地:山东
29	post_content_148162627233	2001-01-01 00:00:00	『23年7月』	                    沙兰子 原视频  地址 内蒙古的	https://tieba.baidu.com/p/8521094345	male	IP属地:黑龙江
30	post_content_148166695515	2001-01-01 00:00:00	凡相皆虚妄	                    每个地方的习俗不同少见才会多怪。	https://tieba.baidu.com/p/8521915749	male	IP属地:江苏
31	post_content_148166901073	2001-01-01 00:00:00	搓鳖	                    　	https://tieba.baidu.com/p/8521915749	male	IP属地:北京
32	post_content_148074979734	2001-01-01 00:00:00	5201314a623	                    大嗓门也好，游戏骂人也罢。不要拿什么riben的遗民，不抗日来侮辱每一位中国人	https://tieba.baidu.com/p/8505129223	male	IP属地:浙江
33	post_content_148076052589	2001-01-01 00:00:00	阿森纳传奇扎卡	                    支持，们也要主打一个正能量	https://tieba.baidu.com/p/8505129223	male	IP属地:四川
34	post_content_148076488987	2001-01-01 00:00:00	你坏事做尽呀	                    等等，江苏怎么就这么点	https://tieba.baidu.com/p/8505129223	male	IP属地:广东
35	post_content_148076754568	2001-01-01 00:00:00	怂皇	                    	https://tieba.baidu.com/p/8505129223	male	IP属地:内蒙古
36	post_content_148077831642	2001-01-01 00:00:00	铁锤镇妖邪	                    	https://tieba.baidu.com/p/8505129223	male	IP属地:黑龙江
37	post_content_148078019623	2001-01-01 00:00:00	叫我柿就好了捏	山东人呢	https://tieba.baidu.com/p/8505129223	male	IP属地:江西
38	post_content_148078293758	2001-01-01 00:00:00	dj84nea388	                    啊？这是什么？桌脚！吃一口...啊？这是什么？桌脚！吃一口...啊？这是什么？桌脚！吃一口...啊？这是什么？桌脚！吃一口...啊？这是什么？桌脚！吃一口...啊？这是什么？桌脚！吃一口...	https://tieba.baidu.com/p/8505129223	male	IP属地:广东
39	post_content_148078425347	2001-01-01 00:00:00	阿稀扒	                    我大山东?	https://tieba.baidu.com/p/8505129223	male	IP属地:辽宁
40	post_content_148078587626	2001-01-01 00:00:00	儒雅随和	                    东北军拿的晴天白日战功勋章达到34枚，超过所有南方軍队的总和	https://tieba.baidu.com/p/8505129223	male	IP属地:辽宁
41	post_content_148078610801	2001-01-01 00:00:00	拳师	                    你还认真上了	https://tieba.baidu.com/p/8505129223	male	IP属地:辽宁
42	post_content_148078639504	2001-01-01 00:00:00	柚子猫	                    大家好我是日本人	https://tieba.baidu.com/p/8505129223	male	IP属地:广东
43	post_content_148078749690	2001-01-01 00:00:00	yaoxiongchen	                    张学良的三十万东北军1932年抵抗了？没送资源送装备？你还偷换概念？	https://tieba.baidu.com/p/8505129223	female	IP属地:内蒙古
44	post_content_148078763814	2001-01-01 00:00:00	暴龙战羊	                    支持，玩梗归玩梗	https://tieba.baidu.com/p/8505129223	male	IP属地:福建
45	post_content_148078781388	2001-01-01 00:00:00	晚风	                    这个帖子先支持一下，我去下一个帖子吃桌饺了	https://tieba.baidu.com/p/8505129223	male	IP属地:广东
46	post_content_148078799705	2001-01-01 00:00:00	刘焕雄	                    那没事了	https://tieba.baidu.com/p/8505129223	male	IP属地:辽宁
47	post_content_147053333392	2001-01-01 00:00:00	超银强	                    根据本人印象对桌饺吧中的ip进行排行 楼下细说	https://tieba.baidu.com/p/8300394106	female	IP属地:浙江
48	post_content_147053348387	2001-01-01 00:00:00	颜清欢	                    老东西，嗦我的妞子	https://tieba.baidu.com/p/8300394106	male	IP属地:广东
49	post_content_147053350006	2001-01-01 00:00:00	驟殁	                    	https://tieba.baidu.com/p/8300394106	male	IP属地:广东
50	post_content_147053368732	2001-01-01 00:00:00	看什么看	                    	https://tieba.baidu.com/p/8300394106	male	IP属地:广西
51	post_content_147053401544	2001-01-01 00:00:00	受戒	                    	https://tieba.baidu.com/p/8300394106	male	IP属地:福建
52	post_content_147053409980	2001-01-01 00:00:00	超银强	都是洒洒水，我福建人还没出手罢了	https://tieba.baidu.com/p/8300394106	female	IP属地:浙江
53	post_content_147053415723	2001-01-01 00:00:00	再见難	                    t1.5 江苏 实力虽强 但是内部分裂 江苏吧友们还是不够团结	https://tieba.baidu.com/p/8300394106	male	IP属地:山东
54	post_content_147053419281	2001-01-01 00:00:00	子清	                    	https://tieba.baidu.com/p/8300394106	male	IP属地:广东
55	post_content_147053421079	2001-01-01 00:00:00	超银强	                    	https://tieba.baidu.com/p/8300394106	female	IP属地:浙江
56	post_content_147053427904	2001-01-01 00:00:00	招核风小红帽	老东西跑广c去了？	https://tieba.baidu.com/p/8300394106	male	IP属地:福建
57	post_content_147053428753	2001-01-01 00:00:00	恩恩怨怨复何求	                    t2 广西 江西 有一定实力 但是广西精神小伙 江西彩礼深入人心 难以回击	https://tieba.baidu.com/p/8300394106	male	IP属地:湖北
58	post_content_147053430224	2001-01-01 00:00:00	超银强	                    赶上直播辣	https://tieba.baidu.com/p/8300394106	female	IP属地:浙江
59	post_content_147053434258	2001-01-01 00:00:00	超银强	                    桌之父来了	https://tieba.baidu.com/p/8300394106	female	IP属地:浙江
60	post_content_147053437187	2001-01-01 00:00:00	贴吧用户_QCZ4PMe	                    特殊排行：百京和上海 俗话说上海人就是✌️ 百京的✌️才叫✌️ 两地吧友处于不败之地 不怕被地狱攻击	https://tieba.baidu.com/p/8300394106	male	IP属地:河南
61	post_content_147053458331	2001-01-01 00:00:00	通古斯猎手	                    四大神族地区不列入排行榜	https://tieba.baidu.com/p/8300394106	male	IP属地:四川
62	post_content_148162617887	2001-01-01 00:00:00	我选超越	                    	https://tieba.baidu.com/p/8521258208	male	IP属地:广东
63	post_content_148162950897	2001-01-01 00:00:00	荔枝2104	                    看到了吧，东北银急急国王	https://tieba.baidu.com/p/8521258208	male	IP属地:山东
64	post_content_148163005812	2001-01-01 00:00:00	理塘丁丁丁	                    	https://tieba.baidu.com/p/8521258208	male	IP属地:陕西
65	post_content_148163140737	2001-01-01 00:00:00	情趣	                    	https://tieba.baidu.com/p/8521258208	female	IP属地:陕西
66	post_content_148163167244	2001-01-01 00:00:00	XJTU_Fisher	                    你就是典型的东北人在广东	https://tieba.baidu.com/p/8521258208	male	IP属地:吉林
67	post_content_148163204411	2001-01-01 00:00:00	Glass hous	                    你这话说的就像是再说自己，你为什么不直接说东北银不是喜欢倒在桌子上吃吗	https://tieba.baidu.com/p/8521258208	male	IP属地:福建
68	post_content_148163216747	2001-01-01 00:00:00	不再等	                    	https://tieba.baidu.com/p/8521258208	male	IP属地:广东
69	post_content_148163245686	2001-01-01 00:00:00	不给予评价	                    lz在广东吃不了桌饺犯病了	https://tieba.baidu.com/p/8521258208	male	IP属地:重庆
70	post_content_148163257894	2001-01-01 00:00:00	⁠爸爸⁣	                    来你把私信开开来	https://tieba.baidu.com/p/8521258208	male	IP属地:江西
71	post_content_148163270695	2001-01-01 00:00:00	李唐盯贞	                    	https://tieba.baidu.com/p/8521258208	male	IP属地:河南
72	post_content_148163282128	2001-01-01 00:00:00	伊登的苹果噢	                    我削你哦	https://tieba.baidu.com/p/8521258208	female	IP属地:辽宁
73	post_content_148163380903	2001-01-01 00:00:00	原神玩家456	                    谁让你地域黑了？论地狱我们还都在一个地球呢	https://tieba.baidu.com/p/8521258208	female	IP属地:广东
74	post_content_148163414138	2001-01-01 00:00:00	哈哈121221号和	                    攻击打到反甲了	https://tieba.baidu.com/p/8521258208	male	IP属地:江苏
75	post_content_148163445464	2001-01-01 00:00:00	向晚里嘉点梓然	                    不在厕所拉屎跑外面拉去，还怪别人不尊重你呢	https://tieba.baidu.com/p/8521258208	male	IP属地:广东
76	post_content_148163502604	2001-01-01 00:00:00	网络良民	                    哈皮，在吧里怎么说都行，出去还说	https://tieba.baidu.com/p/8521258208	male	IP属地:辽宁
77	post_content_147418052066	2001-01-01 00:00:00	床头柜	                    看了本吧三四天了，感觉都是毫无攻击力的小丑，发的帖子根本无法让我破防。	https://tieba.baidu.com/p/8370297483	male	IP属地:黑龙江
78	post_content_147418070229	2001-01-01 00:00:00	床头柜	立帖为证，你们随意发挥，能让我破防算我输	https://tieba.baidu.com/p/8370297483	male	IP属地:黑龙江
79	post_content_147418117017	2001-01-01 00:00:00	床头柜	                    你们毫无攻击性！	https://tieba.baidu.com/p/8370297483	male	IP属地:黑龙江
80	post_content_147418125131	2001-01-01 00:00:00	愁绪昂	                    淡季贴吧	https://tieba.baidu.com/p/8370297483	male	IP属地:安徽
81	post_content_147418127690	2001-01-01 00:00:00	愁绪昂	                    该被订在耻辱柱上	https://tieba.baidu.com/p/8370297483	male	IP属地:安徽
82	post_content_147418130577	2001-01-01 00:00:00	愁绪昂	                    全省沦陷的地方	https://tieba.baidu.com/p/8370297483	male	IP属地:安徽
83	post_content_147418449399	2001-01-01 00:00:00	月tsuki	                    战斗力最底	https://tieba.baidu.com/p/8370297483	female	IP属地:黑龙江
84	post_content_147418592274	2001-01-01 00:00:00	Cloud	                    我也黑龙江的，纯看乐子，感觉看8u互相骂来骂去或者破防挺有意思	https://tieba.baidu.com/p/8370297483	male	IP属地:江苏
85	post_content_147418712469	2001-01-01 00:00:00	十元买烟纸	                    	https://tieba.baidu.com/p/8370297483	male	IP属地:安徽
86	post_content_147418732460	2001-01-01 00:00:00	水影的若	                    	https://tieba.baidu.com/p/8370297483	male	IP属地:美国
87	post_content_147418738312	2001-01-01 00:00:00	灵敏度数字体大小	                    你媳妇是广东人	https://tieba.baidu.com/p/8370297483	male	IP属地:辽宁
88	post_content_147418833827	2001-01-01 00:00:00	让人英特尔额	                    注意保暖	https://tieba.baidu.com/p/8370297483	male	IP属地:广东
89	post_content_147418864768	2001-01-01 00:00:00	青龙疗养院大股东	                    那是因为在陈述事实你才没破防	https://tieba.baidu.com/p/8370297483	male	IP属地:广西
90	post_content_147418980387	2001-01-01 00:00:00	sexy_eccentric	                    因为脸都不要了	https://tieba.baidu.com/p/8370297483	male	IP属地:广东
91	post_content_147418990037	2001-01-01 00:00:00	现在是托尼时间	                    我从来不发帖专门说这里没有三百两银子	https://tieba.baidu.com/p/8370297483	male	IP属地:重庆
92	post_content_148165983713	2001-01-01 00:00:00	张献忠_天生万物	                    反正真正黑的会被删	https://tieba.baidu.com/p/8521817694	male	IP属地:北京
93	post_content_148166893728	2001-01-01 00:00:00	贴吧用户_aM9VW4a	                    nb	https://tieba.baidu.com/p/8521817694	male	IP属地:四川
94	post_content_148164529948	2001-01-01 00:00:00	翎羽脑婆我好爱你	                    rt，二楼细说	https://tieba.baidu.com/p/8521600240	female	IP属地:河北
95	post_content_148164562105	2001-01-01 00:00:00	翎羽脑婆我好爱你	                    长话短说，红警这边分原版玩家和mo(心灵终结)玩家，近期有个红警平台恰mo烂钱，于是mo小鬼就到各大原版主播下面刷该平台	https://tieba.baidu.com/p/8521600240	female	IP属地:河北
96	post_content_148164568350	2001-01-01 00:00:00	翎羽脑婆我好爱你	顺带一提因为平台玩家因素大多数红警主播都几乎都不玩该平台，有几位接过推广，于是那几个原版主播就打算删评冷处理这事，结果这一闹给一堆小鬼整急眼了到处挂人家	https://tieba.baidu.com/p/8521600240	female	IP属地:河北
97	post_content_148164570506	2001-01-01 00:00:00	翎羽脑婆我好爱你	                    如图就是小鬼之一	https://tieba.baidu.com/p/8521600240	female	IP属地:河北
98	post_content_148165130999	2001-01-01 00:00:00	XJTU_Fisher	人家替主播说句话动不动就拿学历踩人家	https://tieba.baidu.com/p/8521600240	male	IP属地:吉林
99	post_content_148165159990	2001-01-01 00:00:00	滑稽元老	                    一看学历高中，一看地区东北	https://tieba.baidu.com/p/8521600240	male	IP属地:安徽
100	post_content_148166876437	2001-01-01 00:00:00	南挚98	                    有机会让孩子上衡水吧，光玩原神根本不够用	https://tieba.baidu.com/p/8521600240	male	IP属地:安徽
101	post_content_148158439344	2001-01-01 00:00:00	戰損狀態	                    重拳出击	https://tieba.baidu.com/p/8520547236	male	IP属地:福建
102	post_content_148159674782	2001-01-01 00:00:00	⭐️之蝶	                    没看懂	https://tieba.baidu.com/p/8520547236	male	IP属地:浙江
103	post_content_148159747078	2001-01-01 00:00:00	Buholotas	                    手欠	https://tieba.baidu.com/p/8520547236	male	IP属地:内蒙古
104	post_content_148159760726	2001-01-01 00:00:00	钢琴佬	                    我们沙洞是这样的	https://tieba.baidu.com/p/8520547236	male	IP属地:山东
105	post_content_148160007927	2001-01-01 00:00:00	▄▅▆	                    浩克沙东	https://tieba.baidu.com/p/8520547236	male	IP属地:浙江
106	post_content_148160218988	2001-01-01 00:00:00	贴吧用户_5NMNb7Q	                    	https://tieba.baidu.com/p/8520547236	male	IP属地:山东
107	post_content_148160392799	2001-01-01 00:00:00	weijij	                    蹬鼻子上桌	https://tieba.baidu.com/p/8520547236	male	IP属地:广西
108	post_content_148160461258	2001-01-01 00:00:00	炸等等	                    扬我男人威	https://tieba.baidu.com/p/8520547236	male	IP属地:山东
109	post_content_148160520505	2001-01-01 00:00:00	mob	                    沙场豪情	https://tieba.baidu.com/p/8520547236	male	IP属地:浙江
110	post_content_148163587140	2001-01-01 00:00:00	进基的派大星	                    偶像	https://tieba.baidu.com/p/8520547236	male	IP属地:山东
111	post_content_148164403015	2001-01-01 00:00:00	梦里谁曾一晌贪欢	                    沙东力量！	https://tieba.baidu.com/p/8520547236	male	IP属地:云南
112	post_content_148165968037	2001-01-01 00:00:00	不如打胶先	                    这下蓄意轰拳了	https://tieba.baidu.com/p/8520547236	male	IP属地:山东
113	post_content_148166024375	2001-01-01 00:00:00	册踢馆	                    这下屈人之威了	https://tieba.baidu.com/p/8520547236	male	IP属地:山东
114	post_content_148166089496	2001-01-01 00:00:00	贴吧用户_56UPJZa	                    女的是哪的？	https://tieba.baidu.com/p/8520547236	male	IP属地:河南
115	post_content_148166138771	2001-01-01 00:00:00	有什么好说的	                    呜呜呜呜呜 俺们沙东是这样的	https://tieba.baidu.com/p/8520547236	male	IP属地:山东
116	post_content_148166541159	2001-01-01 00:00:00	也不失为一帘幽默	                    	https://tieba.baidu.com/p/8521894719	male	IP属地:上海
117	post_content_148157470407	2001-01-01 00:00:00	贴吧用户_aQAMGEE	                    	https://tieba.baidu.com/p/8520386701	male	IP属地:北京
118	post_content_148159122884	2001-01-01 00:00:00	小镇做题家	                    	https://tieba.baidu.com/p/8520386701	male	IP属地:湖北
119	post_content_148159582739	2001-01-01 00:00:00	⭐️之蝶	                    弘扬传统文化呗	https://tieba.baidu.com/p/8520386701	male	IP属地:浙江
120	post_content_148159593755	2001-01-01 00:00:00	小镇做题家	                    非物质文化遗产不能丢	https://tieba.baidu.com/p/8520386701	male	IP属地:湖北
121	post_content_148159686594	2001-01-01 00:00:00	皮肤过敏	                    好吃 爱吃	https://tieba.baidu.com/p/8520386701	female	IP属地:广西
122	post_content_148160072530	2001-01-01 00:00:00	带带大桌角	                    没意义，发出来博眼球滴	https://tieba.baidu.com/p/8520386701	male	IP属地:黑龙江
123	post_content_148161580247	2001-01-01 00:00:00	你先别急，我先急：	                    老香了，太香了，香蒙了，香惨了，香拽了，成香了，可香了，嘎嘎香，香迷糊了，太盖了，低了嘟噜，可太是那个了，太ne道了，茛揪的，小味挠挠的，老盖了，干巴的，糊香的，辣酥的，嫩抄的，脆生的，焦巴的，糊巴的，齁咸的，硬撅的，筋道的，腥的蚝的，臭的哄的，甜个丝的，粘巴乎的，酸矶溜的，面嘚乎的，苦不遛的，咸个滋的，闹不登的得劲，吃饭斯哈斯哈的，筷子往嗓子眼一插，筷子那么一嗦，直吧唧嘴	https://tieba.baidu.com/p/8520386701	male	IP属地:湖南
124	post_content_148162618881	2001-01-01 00:00:00	干活没够	                    你要是真心想问我就告诉你这样吃不粘，而且凉的快，东北是有桌饺的，我并不以为耻	https://tieba.baidu.com/p/8520386701	male	IP属地:河北
125	post_content_148163288598	2001-01-01 00:00:00	XJTU_Fisher	                    好吃	https://tieba.baidu.com/p/8520386701	male	IP属地:吉林
126	post_content_148164565752	2001-01-01 00:00:00	微风的夏季_A	                    吃流量呗，你去抖音搜桌饺就有一堆账号专门发这个的，播放都挺高	https://tieba.baidu.com/p/8520386701	male	IP属地:辽宁
127	post_content_148164662383	2001-01-01 00:00:00	黑色神是我	                    好吃 爱吃	https://tieba.baidu.com/p/8520386701	male	IP属地:广东
128	post_content_148164825486	2001-01-01 00:00:00	变成光守护嘉然小姐	                    siki	https://tieba.baidu.com/p/8520386701	male	IP属地:黑龙江
129	post_content_148165107786	2001-01-01 00:00:00	裙下之臣	                    饺子和桌子会产生化学反应	https://tieba.baidu.com/p/8520386701	male	IP属地:河南
130	post_content_148165156020	2001-01-01 00:00:00	谢顿在上	                    老香了，太香了，香蒙了，香惨了，香拽了，成香了，可香了，嘎嘎香，香迷糊了，太盖了，低了嘟噜，可太是那个了，太ne道了，茛揪的，小味挠挠的，老盖了，干巴的，糊香的，辣酥的，嫩抄的，脆生的，焦巴的，糊巴的，齁咸的，硬撅的，筋道的，腥的蚝的，臭的哄的，甜个丝的，粘巴乎的，酸矶溜的，面嘚乎的，苦不遛的，咸个滋的，闹不登的得劲，吃饭斯哈斯哈的，筷子往嗓子眼一插，筷子那么一嗦，直吧唧嘴	https://tieba.baidu.com/p/8520386701	male	IP属地:河南
131	post_content_148165200587	2001-01-01 00:00:00	贴吧用户_GDGVR4E	                    他白带，哦依稀	https://tieba.baidu.com/p/8520386701	male	IP属地:云南
132	post_content_148079254351	2001-01-01 00:00:00	skbdhdidmddbsh	                    看到上海ip都自卑，那我挂一下吧，首先一个一击脱离镇楼	https://tieba.baidu.com/p/8505912377	male	IP属地:广东
133	post_content_148079268711	2001-01-01 00:00:00	skbdhdidmddbsh	                    各打五十大板，把舆论争论点放在两人身上，第三方就可以脱离争论点了	https://tieba.baidu.com/p/8505912377	male	IP属地:广东
134	post_content_148079280764	2001-01-01 00:00:00	skbdhdidmddbsh	                    	https://tieba.baidu.com/p/8505912377	male	IP属地:广东
135	post_content_148079288969	2001-01-01 00:00:00	skbdhdidmddbsh	舔上海，这就是舔狗的下场	https://tieba.baidu.com/p/8505912377	male	IP属地:广东
136	post_content_148079296669	2001-01-01 00:00:00	skbdhdidmddbsh	                    这件事是什么大家都知道吧	https://tieba.baidu.com/p/8505912377	male	IP属地:广东
137	post_content_148079307215	2001-01-01 00:00:00	skbdhdidmddbsh	                    这样子的吗	https://tieba.baidu.com/p/8505912377	male	IP属地:广东
138	post_content_148079324464	2001-01-01 00:00:00	skbdhdidmddbsh	                    对不起立本，属鼠下次不敢骂立本人了	https://tieba.baidu.com/p/8505912377	male	IP属地:广东
139	post_content_148079354778	2001-01-01 00:00:00	skbdhdidmddbsh	                    立本人突然现身说法	https://tieba.baidu.com/p/8505912377	male	IP属地:广东
140	post_content_148080072318	2001-01-01 00:00:00	▄▅▆	                    没人？打个先，确实，你们吃人家的饭，不敢bb人家也正常	https://tieba.baidu.com/p/8505912377	male	IP属地:浙江
141	post_content_148080131345	2001-01-01 00:00:00	贴吧用户_5M7XPWK	                    看表演吧	https://tieba.baidu.com/p/8505912377	male	IP属地:安徽
142	post_content_148080170448	2001-01-01 00:00:00	XJTU_Fisher	                    马户人看到港人奥人一样跪舔	https://tieba.baidu.com/p/8505912377	male	IP属地:吉林
143	post_content_148080221129	2001-01-01 00:00:00	cxj6836	                    玩玩原神吧，挺好玩的	https://tieba.baidu.com/p/8505912377	male	IP属地:上海
144	post_content_148080400984	2001-01-01 00:00:00	skbdhdidmddbsh	                    黑女婿喊你回家做饭给他吃呢	https://tieba.baidu.com/p/8505912377	male	IP属地:广东
145	post_content_148080402132	2001-01-01 00:00:00	skbdhdidmddbsh	                    上海人很喜欢一击脱离捏	https://tieba.baidu.com/p/8505912377	male	IP属地:广东
146	post_content_148080813829	2001-01-01 00:00:00	暗影	                    玻璃心是这样的	https://tieba.baidu.com/p/8505912377	male	IP属地:上海
147	post_content_148159622780	2001-01-01 00:00:00	dj84nea388	                    怎么到处都是东北老人顺瓜果的新闻?怎么搞得个个好像没吃过瓜果似的?有点不理解。	https://tieba.baidu.com/p/8520744973	male	IP属地:广东
148	post_content_148160302748	2001-01-01 00:00:00	小镇做题家	                    人家燃烧军团拿的你东西怎么了	https://tieba.baidu.com/p/8520744973	male	IP属地:湖北
149	post_content_148160334885	2001-01-01 00:00:00	off line 	                    大和民族本性难移	https://tieba.baidu.com/p/8520744973	male	IP属地:浙江
150	post_content_148160347244	2001-01-01 00:00:00	⭐️之蝶	                    不是没钱或者没吃过本性如此	https://tieba.baidu.com/p/8520744973	male	IP属地:浙江
151	post_content_148160372127	2001-01-01 00:00:00	lunbi123	                    我寻思这瓜也妹人要啊	https://tieba.baidu.com/p/8520744973	male	IP属地:上海
152	post_content_148160449471	2001-01-01 00:00:00	或守鞠亚	                    偷族是这样的，就连他们那就燃烧故土都是偷山西煤矿的	https://tieba.baidu.com/p/8520744973	male	IP属地:山东
153	post_content_148160613325	2001-01-01 00:00:00	东北神中神	                    别骂东北人了，主页互关	https://tieba.baidu.com/p/8520744973	male	IP属地:福建
154	post_content_148160614120	2001-01-01 00:00:00	我不吃柠檬	                    因为️北人就是这样的	https://tieba.baidu.com/p/8520744973	male	IP属地:辽宁
155	post_content_148160623952	2001-01-01 00:00:00	花椰菜是白菜	                    就这事在东北真不叫个事，叫声大哥大姐，还得给你装一兜给孩子拿家吃去，只是他们出门少，忘记了百里不同俗的事，歌里不是唱了么，我们都有一个家，名字叫中国……本以为在家都不算事的事，在外边摊事了，摊大事了……所以说，东北人豪爽，敞亮是真的，多谢你们的衬托[赞]毕竟吃人嘴短，拿人手短，你们说几句受着也应当，那又跑网上骂是咋个意思呢？熊人呢？杀人不过头点地，可算吃你仨瓜俩枣了，还得全网公开给你道歉呗？我可知道为啥当年八路军为啥有三大纪律，八项注意了，碰上你这扣扣搜搜的人，不让开枪也是真没辙，你就应该碰到东北的胡子，和谐社会知识没少学，没用到正地方，就这点肚量还好意思跑网上嘟囔	https://tieba.baidu.com/p/8520744973	male	IP属地:江西
156	post_content_148161155942	2001-01-01 00:00:00	司机的百箹梦	                    就和广东人是农具一个道理	https://tieba.baidu.com/p/8520744973	male	IP属地:河北
157	post_content_148161341753	2001-01-01 00:00:00	荔枝2104	                    偷族是这样的，就连他们那就燃烧故土都是偷山西煤矿的	https://tieba.baidu.com/p/8520744973	male	IP属地:山东
158	post_content_148161918995	2001-01-01 00:00:00	Kanye_z	                    俺寻思这也妹银要啊，这不兜是野生滴嘛，俺们内嘎达兜这样式滴，哎呀妈呀，管他这么多干哈，爱咋咋地吧，拿就完事了	https://tieba.baidu.com/p/8520744973	male	IP属地:陕西
159	post_content_148162150450	2001-01-01 00:00:00	戒异所医师	                    毕竟那时候偷拿习惯了，立本投降了之后，这习惯还是没改过来。	https://tieba.baidu.com/p/8520744973	male	IP属地:山东
160	post_content_148162219725	2001-01-01 00:00:00	浪浪山小野猪	                    野生的比较香	https://tieba.baidu.com/p/8520744973	male	IP属地:北京
161	post_content_148162240721	2001-01-01 00:00:00	这就是第五名著	                    野人习性	https://tieba.baidu.com/p/8520744973	male	IP属地:广西
162	post_content_148153792253	2001-01-01 00:00:00	缪洛幻视	                    你们尽管发挥捏	https://tieba.baidu.com/p/8519789465	male	IP属地:河北
163	post_content_148153880341	2001-01-01 00:00:00	缪洛幻视	                    单机桌饺吧？	https://tieba.baidu.com/p/8519789465	male	IP属地:河北
164	post_content_148154196263	2001-01-01 00:00:00	夫冈易勇	                    杀不死的石家庄人	https://tieba.baidu.com/p/8519789465	male	IP属地:北京
165	post_content_148154701825	2001-01-01 00:00:00	dafsfsf2	                    我想也是，河北本质上他们根本找不到什么黑点。撑死只能说咱们是京津的供给站，然后怎样？这甚至都不是本质上的缺点啊。	https://tieba.baidu.com/p/8519789465	male	IP属地:河北
166	post_content_148154705837	2001-01-01 00:00:00	Frost	                    这是哪没听说过	https://tieba.baidu.com/p/8519789465	male	IP属地:北京
167	post_content_148154766456	2001-01-01 00:00:00	洗白不知前者	                    网黑最大的头子。	https://tieba.baidu.com/p/8519789465	male	IP属地:贵州
168	post_content_148154772129	2001-01-01 00:00:00	洗白不知前者	一手石家庄狗磊绝活。	https://tieba.baidu.com/p/8519789465	male	IP属地:贵州
169	post_content_148154845305	2001-01-01 00:00:00	苍崎橙子	                    狗磊的含金量	https://tieba.baidu.com/p/8519789465	male	IP属地:北京
170	post_content_148154917495	2001-01-01 00:00:00	白羊dshshe	                    你是杀不死的石家庄人吗	https://tieba.baidu.com/p/8519789465	male	IP属地:浙江
171	post_content_148155029473	2001-01-01 00:00:00	青椒炒鸭蛋	                    高考挺轻松吧	https://tieba.baidu.com/p/8519789465	male	IP属地:北京
172	post_content_148155113769	2001-01-01 00:00:00	哈库吶玛塔塔	                    这么近那么美，周末到河北	https://tieba.baidu.com/p/8519789465	male	IP属地:湖北
173	post_content_148155162137	2001-01-01 00:00:00	没钱买PSP	                    没有存在感的地方黑都懒得黑	https://tieba.baidu.com/p/8519789465	male	IP属地:广东
174	post_content_148155714615	2001-01-01 00:00:00	化不掉的冰	                    河北人给人一种智商很高的感觉	https://tieba.baidu.com/p/8519789465	male	IP属地:湖北
175	post_content_148155924509	2001-01-01 00:00:00	zyytwhhwm	                    河北说实话还真没存在感高	https://tieba.baidu.com/p/8519789465	male	IP属地:辽宁
176	post_content_148155944390	2001-01-01 00:00:00	凉凉兮不热乎	                    不是河北没黑点，而是他们不想黑。所以别问这种问题。	https://tieba.baidu.com/p/8519789465	male	IP属地:山东
177	post_content_148163743908	2001-01-01 00:00:00	路卡利欧	                    最近看到了不少类似于桌饺都是吸引眼球的类似言论，希望国内同胞团结起来积极保护桌饺，不要被有心之人伪装的东北ip带节奏，最后甚至导致棒国将桌饺申遗以此打击中国文化自信	https://tieba.baidu.com/p/8521465589	male	IP属地:辽宁
178	post_content_148163877436	2001-01-01 00:00:00	Alita	                    保护传统美食人人有责	https://tieba.baidu.com/p/8521465589	male	IP属地:黑龙江
179	post_content_148164087710	2001-01-01 00:00:00	海南人不吃着缴	                    不用太在意，这只是发泄的地方	https://tieba.baidu.com/p/8521465589	male	IP属地:安徽
180	post_content_148164142395	2001-01-01 00:00:00	春日之花	                    没有桌饺还有寿司 还有泡菜跟部队锅	https://tieba.baidu.com/p/8521465589	male	IP属地:广东
181	post_content_148164192319	2001-01-01 00:00:00	镇江殷兰友	                    尊重东北传统习俗。	https://tieba.baidu.com/p/8521465589	male	IP属地:湖南
182	post_content_148164233730	2001-01-01 00:00:00	马达拉	                    唉，资本	https://tieba.baidu.com/p/8521465589	male	IP属地:云南
183	post_content_148164488305	2001-01-01 00:00:00	会是谁呢？猜猜看嘛	                    唉，美团	https://tieba.baidu.com/p/8521465589	male	IP属地:浙江
184	post_content_148164884791	2001-01-01 00:00:00	又见面了	                    保护桌角，桌角是东白的。	https://tieba.baidu.com/p/8521465589	male	IP属地:广东
185	post_content_148164893672	2001-01-01 00:00:00	牛哥牛啊21	                    不承认️摆吃桌饺的都是罕见	https://tieba.baidu.com/p/8521465589	male	IP属地:广东
186	post_content_148165632350	2001-01-01 00:00:00	莽昆仑	                    缅甸的广东福建老乡想吃桌饺了。	https://tieba.baidu.com/p/8521465589	male	IP属地:上海
187	post_content_148166430293	2001-01-01 00:00:00	也有电	                    	https://tieba.baidu.com/p/8521465589	male	IP属地:广东
188	post_content_148166499332	2001-01-01 00:00:00	路卡利欧	等嘎达	https://tieba.baidu.com/p/8521465589	male	IP属地:辽宁
189	post_content_146779493938	2001-01-01 00:00:00	冒牌的帕特里克	                    	https://tieba.baidu.com/p/8247969014	male	IP属地:青海
190	post_content_146780974932	2001-01-01 00:00:00	青丘白浅 	                    辽宁，因为我爱吃桌脚	https://tieba.baidu.com/p/8247969014	male	IP属地:山东
191	post_content_146780976802	2001-01-01 00:00:00	happy马辰	                    溜一只四川一米六矮老鼠	https://tieba.baidu.com/p/8247969014	male	IP属地:湖南
192	post_content_146781897375	2001-01-01 00:00:00	德里克.肖万	                    要说对哪个省印象好，南方的话江西吧	https://tieba.baidu.com/p/8247969014	male	IP属地:吉林
193	post_content_146781898671	2001-01-01 00:00:00	kping_95	                    广东，你哥特别多	https://tieba.baidu.com/p/8247969014	male	IP属地:上海
194	post_content_146789317462	2001-01-01 00:00:00	苏苏苏	                    东百，因为那里的女孩都很热情好客，尤其结过婚的少妇	https://tieba.baidu.com/p/8247969014	male	IP属地:广东
195	post_content_146789405055	2001-01-01 00:00:00	陳平	                    	https://tieba.baidu.com/p/8247969014	male	IP属地:江西
196	post_content_146789442628	2001-01-01 00:00:00	北林最强单打手	                    四川吧 打仗时挺有骨气 现在一堆贵物不知道怎么回事	https://tieba.baidu.com/p/8247969014	male	IP属地:天津
197	post_content_146791584038	2001-01-01 00:00:00	王亮official	                    感觉江西不错	https://tieba.baidu.com/p/8247969014	male	IP属地:河南
198	post_content_146791716617	2001-01-01 00:00:00	冬菇小傻子	                    东百，不来两个桌角我浑身难受	https://tieba.baidu.com/p/8247969014	male	IP属地:广东
199	post_content_146791767602	2001-01-01 00:00:00	襄樊缅北土著	                    所以要时刻警惕从原襄樊大棉纺出来的冒牌武汉人和它的缅北网络诈骗襄樊土壳马神农架野人兽人部落同伙尾随跟踪贬损诋毁网络诈骗我们	https://tieba.baidu.com/p/8247969014	female	IP属地:湖北
200	post_content_146791772412	2001-01-01 00:00:00	sexy_eccentric	                    尊敬谈不上吧，喜欢的女孩目前河北是最喜欢的	https://tieba.baidu.com/p/8247969014	male	IP属地:广东
201	post_content_146791936932	2001-01-01 00:00:00	不要吃馒头啊	                    河北吧	https://tieba.baidu.com/p/8247969014	female	IP属地:山东
202	post_content_148164223589	2001-01-01 00:00:00	醉梦芦荻洲	                    	https://tieba.baidu.com/p/8521551427	male	IP属地:重庆
203	post_content_148164303289	2001-01-01 00:00:00	醉梦芦荻洲	黑中介被查后，得了一些耐人寻味的数据：今年河南流窜到陕西的回流生为4690人，到甘肃为1261人，到湖北为980人，天津和辽宁500人上下。	https://tieba.baidu.com/p/8521551427	male	IP属地:重庆
204	post_content_148166823506	2001-01-01 00:00:00	笑口常开	唯有到北京，是0。	https://tieba.baidu.com/p/8521551427	male	IP属地:河南
205	post_content_148161048696	2001-01-01 00:00:00	湘菜叫做野穴-	                    这是哪里人捏	https://tieba.baidu.com/p/8520993020	male	IP属地:广东
206	post_content_148163012910	2001-01-01 00:00:00	小绿酱	                    大和小猪仔	https://tieba.baidu.com/p/8520993020	female	IP属地:新加坡
207	post_content_148163186977	2001-01-01 00:00:00	酸到流泪	                    来拿野生饮料来了	https://tieba.baidu.com/p/8520993020	male	IP属地:广东
208	post_content_148163549197	2001-01-01 00:00:00	多元宇宙级暴龙战士	                    洞北的	https://tieba.baidu.com/p/8520993020	male	IP属地:广东
209	post_content_148163645408	2001-01-01 00:00:00	Djjakm	                    野猪？	https://tieba.baidu.com/p/8520993020	male	IP属地:云南
210	post_content_148163719291	2001-01-01 00:00:00	风没我快	                    那是小辫子吗	https://tieba.baidu.com/p/8520993020	male	IP属地:上海
211	post_content_148163722209	2001-01-01 00:00:00	无敌的小马达	                    野猪皮	https://tieba.baidu.com/p/8520993020	male	IP属地:广东
212	post_content_148163756662	2001-01-01 00:00:00	Normal cat	                    ：求求你别骂了	https://tieba.baidu.com/p/8520993020	male	IP属地:广西
213	post_content_148162816374	2001-01-01 00:00:00	Mr	                    绿化带表示感谢了	https://tieba.baidu.com/p/8521094345	male	IP属地:北京
214	post_content_148163250730	2001-01-01 00:00:00	潘达	                    认错了很正常，以为是自助餐呢	https://tieba.baidu.com/p/8521094345	male	IP属地:广东
215	post_content_148163290375	2001-01-01 00:00:00	不再等	                    干净卫生，吃就完了	https://tieba.baidu.com/p/8521094345	male	IP属地:山东
216	post_content_148163302599	2001-01-01 00:00:00	营养太丰富	                    怪不得狗 天性使然罢了	https://tieba.baidu.com/p/8521094345	male	IP属地:浙江
217	post_content_148163377440	2001-01-01 00:00:00	麦田怪	                    正好入味了今晚直接吃狗肉锅	https://tieba.baidu.com/p/8521094345	male	IP属地:浙江
218	post_content_148163464416	2001-01-01 00:00:00	⭐️之蝶	                    没事不干不净吃了没病，反正他们也不在乎卫生什么的，嘎嘎造	https://tieba.baidu.com/p/8521094345	female	IP属地:广东
219	post_content_148163484569	2001-01-01 00:00:00	原神玩家456	                    看第一张图还以为淹似了	https://tieba.baidu.com/p/8521094345	male	IP属地:河南
220	post_content_148163501363	2001-01-01 00:00:00	嘿嘿小彭	                    再去村头厕所搞点野生的大奋酱不就行了	https://tieba.baidu.com/p/8521094345	male	IP属地:山东
221	post_content_148163596464	2001-01-01 00:00:00	荔枝2104	                    确实像是给狗吃的	https://tieba.baidu.com/p/8521094345	male	IP属地:广东
222	post_content_148164219253	2001-01-01 00:00:00	尼古丁真1111	                    总有一天我会把你们这群狗太阳的全部驱逐出境！一个不留！	https://tieba.baidu.com/p/8521550752	male	IP属地:广东
223	post_content_148166825082	2001-01-01 00:00:00	笑口常开	                    馬鹿です!あなたがネット上で東北を罵倒したことを考慮して、東北都最高帝国裁判所の予備審理を経て、あなたの行為はすでに反逆罪を構成するべきです!罰金500万円が東北都第一警視庁から執行され、これを拒んだ場合は死刑、政治権は終身剝奪、携帯電話の連絡者には5万~ 10万円の逆々罪の罰金が科せられます。このメールを受信した後、速やかに罰金を納付してください。さもなければ、当所は明日の正午に神風特攻隊を手配して、君の住居を爆破します。ご理解とご協力お待ちしております。	https://tieba.baidu.com/p/8521550752	male	IP属地:河南
224	post_content_148166937938	2001-01-01 00:00:00	wdrzs	                    好	https://tieba.baidu.com/p/8521550752	male	IP属地:浙江
225	post_content_148156554807	2001-01-01 00:00:00	贴吧用户_5V2A2XE	                    	https://tieba.baidu.com/p/8520256479	male	IP属地:中国香港
226	post_content_148157079320	2001-01-01 00:00:00	可莉最可爱呀	                    793933027 群里有东北人直播吃桌饺	https://tieba.baidu.com/p/8520256479	female	IP属地:福建
227	post_content_148157163181	2001-01-01 00:00:00	跌滴鹤白	793933027 群里有东北人直播吃桌饺	https://tieba.baidu.com/p/8520256479	male	IP属地:陕西
228	post_content_148157197275	2001-01-01 00:00:00	無尽的烦恼	793933027 群里有东北人直播吃桌饺	https://tieba.baidu.com/p/8520256479	male	IP属地:陕西
229	post_content_148157469073	2001-01-01 00:00:00	-达米安-	793933027 群里有东北人直播吃桌饺	https://tieba.baidu.com/p/8520256479	female	IP属地:四川
230	post_content_148157804128	2001-01-01 00:00:00	西門孝	793933027 群里有东北人直播吃桌饺	https://tieba.baidu.com/p/8520256479	male	IP属地:广东
231	post_content_148157947311	2001-01-01 00:00:00	精神病患者②号	                    都是一家银	https://tieba.baidu.com/p/8520256479	male	IP属地:江西
232	post_content_148158029430	2001-01-01 00:00:00	黎恩舒维华	                    	https://tieba.baidu.com/p/8520256479	male	IP属地:江苏
233	post_content_148158159401	2001-01-01 00:00:00	我嘶吼着转生到原神	运气好制度好地理环境好，要不然……	https://tieba.baidu.com/p/8520256479	male	IP属地:福建
234	post_content_148158330510	2001-01-01 00:00:00	黑心炒粉佬	                    你是不是喜欢肖战？	https://tieba.baidu.com/p/8520256479	male	IP属地:广东
235	post_content_148158512064	2001-01-01 00:00:00	智慧的吧友	                    港✌️能不能别往深圳跑了，鼠鼠周末都没地方去了，市区全是港人[表情]	https://tieba.baidu.com/p/8520256479	male	IP属地:河北
236	post_content_148158748272	2001-01-01 00:00:00	只爱美强I	                    叉烧是甜口的吗？	https://tieba.baidu.com/p/8520256479	female	IP属地:卢森堡
237	post_content_148158763143	2001-01-01 00:00:00	lil odd	我看视频里叉烧都要刷蜂蜜什么的	https://tieba.baidu.com/p/8520256479	male	IP属地:江苏
238	post_content_148158788912	2001-01-01 00:00:00	多鲁库鲁斯	                    姜涛是你老公	https://tieba.baidu.com/p/8520256479	male	IP属地:浙江
239	post_content_148158800483	2001-01-01 00:00:00	ywqowi	                    岗离了文明世界啥也不是	https://tieba.baidu.com/p/8520256479	male	IP属地:江苏
240	post_content_147916761006	2001-01-01 00:00:00	飝飝飝飝	                    	https://tieba.baidu.com/p/8474991669	male	IP属地:江苏
241	post_content_147916907322	2001-01-01 00:00:00	丁真Office	                    750*0.6=450，全考及格都能上一本的省	https://tieba.baidu.com/p/8474991669	male	IP属地:北京
242	post_content_147916936924	2001-01-01 00:00:00	谁占用了我的	                    这下不得不吃卓饺了	https://tieba.baidu.com/p/8474991669	male	IP属地:西藏
243	post_content_147917221261	2001-01-01 00:00:00	水果忍者/114	                    我去哪里，少考一门都能上一本	https://tieba.baidu.com/p/8474991669	male	IP属地:江苏
244	post_content_147917239556	2001-01-01 00:00:00	带带艺术家	                    	https://tieba.baidu.com/p/8474991669	male	IP属地:湖北
245	post_content_147917351678	2001-01-01 00:00:00	多鲁库鲁斯	我原来宿舍有个nt说black江人430南方人550，可以说是狗一岁人七岁，你跟他说他还急	https://tieba.baidu.com/p/8474991669	male	IP属地:浙江
246	post_content_147917368197	2001-01-01 00:00:00	东北烙铁宝钞重庆南通	                    怪不得️北人都说自己是高学历人才	https://tieba.baidu.com/p/8474991669	male	IP属地:山东
247	post_content_147917410726	2001-01-01 00:00:00	法国版火焰花	                    就这黑龙江的还觉得自己没考好看不起本地人呢。	https://tieba.baidu.com/p/8474991669	male	IP属地:山东
248	post_content_147917478981	2001-01-01 00:00:00	大清九品小将	                    	https://tieba.baidu.com/p/8474991669	male	IP属地:山东
249	post_content_147917728195	2001-01-01 00:00:00	飞天给你一脚	                    企业应该考虑东北生源质量的问题	https://tieba.baidu.com/p/8474991669	male	IP属地:吉林
250	post_content_147917742273	2001-01-01 00:00:00		                    我ip在哪	https://tieba.baidu.com/p/8474991669	female	IP属地:江苏
251	post_content_147917747801	2001-01-01 00:00:00	bill0221	                    带专分数上本科？	https://tieba.baidu.com/p/8474991669	male	IP属地:吉林
252	post_content_147917765950	2001-01-01 00:00:00	欺负小青蛙	                    所以我儿子户口从南京弄来长春了，以后就在吉林高考了	https://tieba.baidu.com/p/8474991669	male	IP属地:河北
253	post_content_147917767519	2001-01-01 00:00:00	小町．	                    生源差，能考及格已经很不容易了	https://tieba.baidu.com/p/8474991669	male	IP属地:湖南
254	post_content_147917773106	2001-01-01 00:00:00	苏E健康平安	                    带专分数上一本？	https://tieba.baidu.com/p/8474991669	male	IP属地:江苏
255	post_content_148163872939	2001-01-01 00:00:00	路与人	                    好像有的人就是喜欢给小孩扎小辫子 虽然很丑就是了	https://tieba.baidu.com/p/8520993020	female	IP属地:陕西
256	post_content_148164207525	2001-01-01 00:00:00	龙之文艺	                    纯正金钱鼠尾，正宗野猪皮	https://tieba.baidu.com/p/8520993020	male	IP属地:浙江
257	post_content_148164604859	2001-01-01 00:00:00	Buholotas	                    	https://tieba.baidu.com/p/8520993020	male	IP属地:内蒙古
258	post_content_148164669841	2001-01-01 00:00:00	小S徐吸弟	后面那猴是广~	https://tieba.baidu.com/p/8520993020	male	IP属地:上海
259	post_content_148164696011	2001-01-01 00:00:00	海绵窝窝	                    安徽人 讹人辫 剪辫子要摆酒席请亲戚 舅舅亲戚都要给大红包	https://tieba.baidu.com/p/8520993020	male	IP属地:河北
260	post_content_148164928953	2001-01-01 00:00:00	 清风徐来	                    盲猜一波不是广	https://tieba.baidu.com/p/8520993020	male	IP属地:山东
261	post_content_148165009256	2001-01-01 00:00:00	理科魔法师	                    哈哈，是老铁吗	https://tieba.baidu.com/p/8520993020	male	IP属地:天津
262	post_content_148162710749	2001-01-01 00:00:00	基恩踢断哈兰德	                    来给我种棉花吗	https://tieba.baidu.com/p/8520644173	male	IP属地:安徽
263	post_content_148162764980	2001-01-01 00:00:00	窗裂寒	                    扣1复活石家庄人	https://tieba.baidu.com/p/8520644173	male	IP属地:广西
264	post_content_148162887055	2001-01-01 00:00:00	兰沧瑾瑕枫	                    	https://tieba.baidu.com/p/8520644173	male	IP属地:广东
265	post_content_148164080125	2001-01-01 00:00:00	潇潇远山的风	                    1听不懂	https://tieba.baidu.com/p/8521527351	male	IP属地:山东
266	post_content_148164087832	2001-01-01 00:00:00	潇潇远山的风	2什么鸟语	https://tieba.baidu.com/p/8521527351	male	IP属地:山东
267	post_content_148164108967	2001-01-01 00:00:00	潇潇远山的风	3中规中矩	https://tieba.baidu.com/p/8521527351	male	IP属地:山东
268	post_content_148164160460	2001-01-01 00:00:00	橘色	4清晰易懂	https://tieba.baidu.com/p/8521527351	female	IP属地:陕西
469	post_content_147905073757	2001-01-01 00:00:00	贝塔需要通一通	                    有小哥哥吗	https://tieba.baidu.com/p/8472635705	female	IP属地:北京
614	post_content_148138106561	2001-01-01 00:00:00	会是谁呢？猜猜看嘛	                    烙铁一会就燃烧故土警告	https://tieba.baidu.com/p/8516706973	male	IP属地:浙江
638	post_content_148145437443	2001-01-01 00:00:00	腹黑猛男	                    我又不是没给钱	https://tieba.baidu.com/p/8517957095	male	IP属地:江苏
773	post_content_148166962050	2001-01-01 00:00:00	原神玩家456	                    cs	https://tieba.baidu.com/p/8521817694	female	IP属地:广东
865	post_content_148166929787	2001-01-01 00:00:00	七单故人	　	https://tieba.baidu.com/p/8521915749	unknown	IP属地:广东
866	post_content_148166974882	2001-01-01 00:00:00	贴吧用户_5bKtCJ4	　	https://tieba.baidu.com/p/8521915749	unknown	IP属地:湖北
867	post_content_148167008599	2001-01-01 00:00:00	贴吧用户_5XRRZeW	　　	https://tieba.baidu.com/p/8521915749	unknown	IP属地:广东
868	post_content_148167077409	2001-01-01 00:00:00	哈尔科夫的移动城堡	　	https://tieba.baidu.com/p/8521915749	unknown	IP属地:广东
869	post_content_148167114431	2001-01-01 00:00:00	思塔利安	　	https://tieba.baidu.com/p/8521915749	unknown	IP属地:陕西
870	post_content_148167118971	2001-01-01 00:00:00	无敌大贱人	　	https://tieba.baidu.com/p/8521915749	unknown	IP属地:浙江
871	post_content_148109344480	2001-01-01 00:00:00	你身上有他的石楠花味	                    	https://tieba.baidu.com/p/8511602587	unknown	IP属地:陕西
872	post_content_148109829322	2001-01-01 00:00:00	蔺哲078	                    因为他发帖了，如果白鲸✌发帖一样喷	https://tieba.baidu.com/p/8511602587	unknown	IP属地:河南
873	post_content_148109838536	2001-01-01 00:00:00	贴吧用户_JSW6G7U	                    河南人是这样的	https://tieba.baidu.com/p/8511602587	unknown	IP属地:河北
874	post_content_148109850657	2001-01-01 00:00:00	要努力超强	                    一年不给外省卖粮食把你们这群白眼狼都饿死	https://tieba.baidu.com/p/8511602587	unknown	IP属地:河南
875	post_content_148109878176	2001-01-01 00:00:00	Makoto 	                    	https://tieba.baidu.com/p/8511602587	unknown	IP属地:浙江
876	post_content_148109961792	2001-01-01 00:00:00	gogdkuia	                    荷兰是这样的	https://tieba.baidu.com/p/8511602587	unknown	IP属地:河南
877	post_content_148109965910	2001-01-01 00:00:00	贴吧用户_GU33WMt	                    确实是这样的，我们集训班一个班就有四五个去西安，还是县前两百，据说西安25％都是河南回流	https://tieba.baidu.com/p/8511602587	unknown	IP属地:河南
878	post_content_148109966398	2001-01-01 00:00:00	贴吧用户_03XyZN4	                    满朝文武救一下	https://tieba.baidu.com/p/8511602587	unknown	IP属地:浙江
879	post_content_148110043651	2001-01-01 00:00:00	ccssi419	                    怎么去的，还有这好事	https://tieba.baidu.com/p/8511602587	unknown	IP属地:河南
880	post_content_148110100840	2001-01-01 00:00:00	贴吧用户_JQ78DRt172	                    河南也开始燃烧了？	https://tieba.baidu.com/p/8511602587	unknown	IP属地:山东
881	post_content_148110182049	2001-01-01 00:00:00	北牧烟	                    经典底层互斗	https://tieba.baidu.com/p/8511602587	unknown	IP属地:河南
882	post_content_148110182509	2001-01-01 00:00:00	那我先打个胶	                    在荷兰上某个双非，认识的女生都动不动我们荷兰高考咋咋咋，苦大仇深的。我的评价是：学魔怔了	https://tieba.baidu.com/p/8511602587	unknown	IP属地:青海
883	post_content_148110297537	2001-01-01 00:00:00	Sýnin	                    关我屁事，我大专	https://tieba.baidu.com/p/8511602587	unknown	IP属地:河南
884	post_content_148110300390	2001-01-01 00:00:00	白胡子（复活赛版）	                    其他肾份不要互黑我们的敌人只有冻bai	https://tieba.baidu.com/p/8511602587	unknown	IP属地:广东
885	post_content_148110324079	2001-01-01 00:00:00	贴吧用户_Q5G3AbG	                    	https://tieba.baidu.com/p/8511602587	unknown	IP属地:河南
886	post_content_147472515103	2001-01-01 00:00:00	百姓关注	                    	https://tieba.baidu.com/p/8382329933	unknown	IP属地:福建
887	post_content_147473236916	2001-01-01 00:00:00	丶段坤	                    只是个处分吗，不应该间接杀人罪么	https://tieba.baidu.com/p/8382329933	unknown	IP属地:上海
888	post_content_147473245722	2001-01-01 00:00:00	忆于梦里	                    哈哈哈哈	https://tieba.baidu.com/p/8382329933	unknown	IP属地:浙江
889	post_content_147473298616	2001-01-01 00:00:00	萝莉控控控空	                    传奇害他一生，，是这个id吗？	https://tieba.baidu.com/p/8382329933	unknown	IP属地:泰国
890	post_content_147473483835	2001-01-01 00:00:00	辛虎丘	                    这才是个警告处分？	https://tieba.baidu.com/p/8382329933	unknown	IP属地:上海
891	post_content_147473615355	2001-01-01 00:00:00	井野v武士	                    看成了原神主任	https://tieba.baidu.com/p/8382329933	unknown	IP属地:湖北
892	post_content_147473617424	2001-01-01 00:00:00	井野v武士	                    玩原神导致的	https://tieba.baidu.com/p/8382329933	unknown	IP属地:湖北
893	post_content_147473679273	2001-01-01 00:00:00	也许世界已不再快乐	                    换个词就又是一个故事，真是个洒毙	https://tieba.baidu.com/p/8382329933	unknown	IP属地:广西
894	post_content_147473716038	2001-01-01 00:00:00	Best一ZY	                    啥游戏，感觉很熟悉	https://tieba.baidu.com/p/8382329933	unknown	IP属地:四川
895	post_content_147473773229	2001-01-01 00:00:00	沈阳帅锅在路上	                    不是该渎职罪起诉吗？	https://tieba.baidu.com/p/8382329933	unknown	IP属地:辽宁
896	post_content_147473805817	2001-01-01 00:00:00	江苏周奉明	                    画面和事情   没有关系吧。。。	https://tieba.baidu.com/p/8382329933	unknown	IP属地:江苏
897	post_content_147473850457	2001-01-01 00:00:00	如救头燃	                    中国人站起来了！	https://tieba.baidu.com/p/8382329933	unknown	IP属地:福建
898	post_content_147473856090	2001-01-01 00:00:00	多伦多圆脸。	                    看屏幕在玩传奇	https://tieba.baidu.com/p/8382329933	unknown	IP属地:云南
899	post_content_147473927425	2001-01-01 00:00:00	全涂涂了	一刀999	https://tieba.baidu.com/p/8382329933	unknown	IP属地:辽宁
900	post_content_148101740994	2001-01-01 00:00:00	邢邢耗	                    	https://tieba.baidu.com/p/8510180097	unknown	IP属地:山东
901	post_content_148102514689	2001-01-01 00:00:00	贴吧用户_JQ78DRt172	                    到处流窜，到处霍霍	https://tieba.baidu.com/p/8510180097	unknown	IP属地:山东
902	post_content_148102764108	2001-01-01 00:00:00	flmays	                    没有海南？	https://tieba.baidu.com/p/8510180097	unknown	IP属地:山西
903	post_content_148103121835	2001-01-01 00:00:00	零度之影	                    听说四川南通多	https://tieba.baidu.com/p/8510180097	unknown	IP属地:广东
904	post_content_148103137616	2001-01-01 00:00:00	kal2006421	                    真笑不出来了	https://tieba.baidu.com/p/8510180097	unknown	IP属地:江苏
905	post_content_148103152916	2001-01-01 00:00:00	司机的百箹梦	                    邢台惹你了？	https://tieba.baidu.com/p/8510180097	unknown	IP属地:河北
906	post_content_148103423736	2001-01-01 00:00:00	yilong621	                    所以说广西人骂东北是因为广西人都是南亚血统，脾气暴躁如猴，并不是东北人把广西怎么样了	https://tieba.baidu.com/p/8510180097	unknown	IP属地:北京
907	post_content_148103424511	2001-01-01 00:00:00	腹黑猛男	                    东方吉普赛	https://tieba.baidu.com/p/8510180097	unknown	IP属地:江苏
908	post_content_148103431547	2001-01-01 00:00:00	波尔昆卡	                    你不要过来啊	https://tieba.baidu.com/p/8510180097	unknown	IP属地:浙江
909	post_content_148103545488	2001-01-01 00:00:00	死灵法师王猛	                    海南呢	https://tieba.baidu.com/p/8510180097	unknown	IP属地:浙江
910	post_content_148103619629	2001-01-01 00:00:00	人生如梦2053	                    排前四的是洞百人的祖籍地，他们去祸害祖籍地去了。	https://tieba.baidu.com/p/8510180097	unknown	IP属地:江苏
911	post_content_148103733848	2001-01-01 00:00:00	心要碎掉呜TT	                    	https://tieba.baidu.com/p/8510180097	unknown	IP属地:辽宁
912	post_content_148104034773	2001-01-01 00:00:00	线穿南北	                    传染病	https://tieba.baidu.com/p/8510180097	unknown	IP属地:广东
913	post_content_148104143998	2001-01-01 00:00:00	-籽籽籽-	                    没有海南？没有海南？没有海南？	https://tieba.baidu.com/p/8510180097	unknown	IP属地:上海
914	post_content_148104342332	2001-01-01 00:00:00	铁锤镇妖邪	                    去山东没什么问题吧	https://tieba.baidu.com/p/8510180097	unknown	IP属地:黑龙江
915	post_content_148157574260	2001-01-01 00:00:00	搜狐拦不住	                    	https://tieba.baidu.com/p/8520399903	unknown	IP属地:辽宁
916	post_content_148160649316	2001-01-01 00:00:00	四川海沟	                    难蚌	https://tieba.baidu.com/p/8520399903	unknown	IP属地:陕西
917	post_content_148160896822	2001-01-01 00:00:00	JK轻舞飞扬	                    后面的兄弟估计回味终生	https://tieba.baidu.com/p/8520399903	unknown	IP属地:安徽
918	post_content_148160903893	2001-01-01 00:00:00	推销答辩	                    法治社会救了他，这种行为真的会被打死	https://tieba.baidu.com/p/8520399903	unknown	IP属地:广东
919	post_content_148161306844	2001-01-01 00:00:00	嗦螺门掌门人	                    后面：这水怎么还有颗粒感	https://tieba.baidu.com/p/8520399903	unknown	IP属地:广东
920	post_content_148161354332	2001-01-01 00:00:00	儿郎同学	                    后面的哥们也得要赔偿，我看他还把头扎水里换气	https://tieba.baidu.com/p/8520399903	unknown	IP属地:河南
921	post_content_148161409144	2001-01-01 00:00:00	ARESXIAMU	                    好恶心	https://tieba.baidu.com/p/8520399903	unknown	IP属地:福建
922	post_content_148161642577	2001-01-01 00:00:00	居士士居	                    一种米养百种人，这种垃圾就应该永远禁止其进入公共场所。	https://tieba.baidu.com/p/8520399903	unknown	IP属地:海南
923	post_content_148161710791	2001-01-01 00:00:00	hb-129	                    后面这大兄弟没戴泳帽。。看来这游泳馆管理也不行啊。。。我们这里不戴泳帽都不准下水。	https://tieba.baidu.com/p/8520399903	unknown	IP属地:云南
924	post_content_148161798924	2001-01-01 00:00:00	中国电通	                    可以尿尿，我都是不脱裤子尿尿	https://tieba.baidu.com/p/8520399903	unknown	IP属地:广东
925	post_content_148161816036	2001-01-01 00:00:00	口瓜口瓜	                    什么道具赛	https://tieba.baidu.com/p/8520399903	unknown	IP属地:云南
926	post_content_148161937936	2001-01-01 00:00:00	珏钰鈺	                    这一看就不是广东本地人	https://tieba.baidu.com/p/8520399903	unknown	IP属地:广东
927	post_content_148162026686	2001-01-01 00:00:00	维生素	                    男孩子调皮一点怎么了？	https://tieba.baidu.com/p/8520399903	unknown	IP属地:重庆
928	post_content_148162203650	2001-01-01 00:00:00	莱莱队长	                    这不关几天？	https://tieba.baidu.com/p/8520399903	unknown	IP属地:四川
929	post_content_148162410196	2001-01-01 00:00:00	陆文锋GGGG	                    隔壁泳池派过来砸场子的吧？	https://tieba.baidu.com/p/8520399903	unknown	IP属地:海南
930	post_content_148163645069	2001-01-01 00:00:00	葛六丶	                    你确定是狗掉缸里吗	https://tieba.baidu.com/p/8521094345	unknown	IP属地:山东
931	post_content_148163012002	2001-01-01 00:00:00	纯良原神玩家	                    楼主身为纯正东北人，发现本吧对我们这里的人有很多误解，再次开贴和吧友们交流，希望能消除误会。	https://tieba.baidu.com/p/8521330711	unknown	IP属地:中国台湾
932	post_content_148163252902	2001-01-01 00:00:00	gog	                    一看ip确实纯正	https://tieba.baidu.com/p/8521330711	unknown	IP属地:重庆
933	post_content_148163253840	2001-01-01 00:00:00		                    你好	https://tieba.baidu.com/p/8521330711	unknown	IP属地:北京
934	post_content_148163309391	2001-01-01 00:00:00	想吃肘子了	                    こんにちは	https://tieba.baidu.com/p/8521330711	unknown	IP属地:浙江
935	post_content_148163339981	2001-01-01 00:00:00	木野ひまり	                    ip属地正确	https://tieba.baidu.com/p/8521330711	unknown	IP属地:北京
936	post_content_148163348151	2001-01-01 00:00:00	sunyiyyy	                    误会不会消除，只会加深	https://tieba.baidu.com/p/8521330711	unknown	IP属地:北京
937	post_content_148163368060	2001-01-01 00:00:00	sunyiyyy	                    一看ip就知道你是地道的️百人	https://tieba.baidu.com/p/8521330711	unknown	IP属地:广西
938	post_content_148163400450	2001-01-01 00:00:00	贴吧用户_7KPK822	                    老实说，北佬夏天一个月洗多少次澡?如果夏天一个月洗2-3次澡，是懒呢，还是嫌水贵呢	https://tieba.baidu.com/p/8521330711	unknown	IP属地:广西
939	post_content_148163612731	2001-01-01 00:00:00	星空下。。。	                    不是，我怎么跑4v去了，我真在东北。楼主现在正在看传统东北体育项目呢。NPB，东北棒球职业联赛，大伙可以在网上看到直播的。	https://tieba.baidu.com/p/8521330711	unknown	IP属地:中国台湾
940	post_content_148164168980	2001-01-01 00:00:00	纯良原神玩家	                    	https://tieba.baidu.com/p/8521330711	unknown	IP属地:重庆
941	post_content_148164194612	2001-01-01 00:00:00	Ponius40	                    ip属地“中国台湾”	https://tieba.baidu.com/p/8521330711	unknown	IP属地:浙江
942	post_content_148164253937	2001-01-01 00:00:00	蕾米莉亚	                    你吃桌脚的样子很机车艾	https://tieba.baidu.com/p/8521330711	unknown	IP属地:广西
943	post_content_148164354534	2001-01-01 00:00:00	曾经的后来_	                    懂不懂俺们大东北恭狨圈的含金量阿？	https://tieba.baidu.com/p/8521330711	unknown	IP属地:云南
944	post_content_148164384424	2001-01-01 00:00:00	梦里谁曾一晌贪欢	                    来你把麦打开	https://tieba.baidu.com/p/8521330711	unknown	IP属地:湖北
945	post_content_148164438060	2001-01-01 00:00:00	理塘\
の传说	                    IP不是日本我很难相信你是正宗的️百人	https://tieba.baidu.com/p/8521330711	unknown	IP属地:广东
946	post_content_147751989240	2001-01-01 00:00:00	丑好养活	                    直说，我就东北的。一帮地域黑组建个吧秀下限互相高C？也亏的没事干找一堆黑料。各省都有过黑料，也没见东北组个吧骂你们吧？可想你们本身素质就那B样。还黑别人？	https://tieba.baidu.com/p/8441462991	unknown	IP属地:黑龙江
947	post_content_147752546662	2001-01-01 00:00:00	AABB酸酸	想靠网络找乐子抒发负面情绪，就拿自己国家的人输出。搞地域黑。怎么不组个RB吧骂外国人去？欺软怕硬的一帮东西。	https://tieba.baidu.com/p/8441462991	unknown	IP属地:山东
948	post_content_147752632764	2001-01-01 00:00:00	gundaorou2	最后但凡上来就是个黑，骂的自律汉奸处理。有什么说的不是汉奸是什么	https://tieba.baidu.com/p/8441462991	unknown	IP属地:辽宁
949	post_content_147752649133	2001-01-01 00:00:00	贴吧用户_Gy2QPJ1	                    东北人在这吧没少骂别人，大家都在互骂 你装什么白莲花	https://tieba.baidu.com/p/8441462991	unknown	IP属地:四川
950	post_content_147752752360	2001-01-01 00:00:00	丑好养活	                    也有好处。我一个从不关注地域的同事，今天跟我说，南方人的素质好像也不怎么样。不知道是不是看到了桌饺吧。	https://tieba.baidu.com/p/8441462991	unknown	IP属地:黑龙江
951	post_content_147752955748	2001-01-01 00:00:00	丑好养活	                    说到汉奸我可就来劲了	https://tieba.baidu.com/p/8441462991	unknown	IP属地:黑龙江
952	post_content_147753821662	2001-01-01 00:00:00	井元	                    发一个之前对线小日子汉奸的，评论他删了，只能看点记录。他骂我的话，当时我看就笑了。一点攻击力没有。我还寻思在哪掏来的。现在整明白了。跟你们话术基本一样。所以都什么成分一眼明。让人当枪使，当傻子弄还都挺美呢。	https://tieba.baidu.com/p/8441462991	unknown	IP属地:辽宁
953	post_content_147753839957	2001-01-01 00:00:00	道道道道道道道道道道	                    地域互相骂，吵嘴也确实普遍。不过看看这吧啥情况。番了几个帖子。你们骂的有下线？	https://tieba.baidu.com/p/8441462991	unknown	IP属地:日本
954	post_content_147756636238	2001-01-01 00:00:00	1000年猩蜜6亚王	让人带节奏带的飞起。脱离网络本身你跟东北无关，现在你们看东北第一反应是啥你自己心里不想想？	https://tieba.baidu.com/p/8441462991	unknown	IP属地:内蒙古
955	post_content_147756645935	2001-01-01 00:00:00	，	                    别认真兄弟，在网上骂就是图个乐子，他们骂咱就陪他们骂，哪个地域还找不出黑点了，谁认真谁就输了	https://tieba.baidu.com/p/8441462991	unknown	IP属地:山东
956	post_content_147756776352	2001-01-01 00:00:00	通古斯猎手	                    不爱玩就辊	https://tieba.baidu.com/p/8441462991	unknown	IP属地:四川
957	post_content_147757052572	2001-01-01 00:00:00	Tfinale	                    咱们中国人是最喜欢互相地域黑的 你习惯就好	https://tieba.baidu.com/p/8441462991	unknown	IP属地:北京
958	post_content_147757091359	2001-01-01 00:00:00	冰狐moguibbb	                    吧尬	https://tieba.baidu.com/p/8441462991	unknown	IP属地:辽宁
959	post_content_147757105212	2001-01-01 00:00:00	mow115	                    一个罕见，首先应该是桌角人	https://tieba.baidu.com/p/8441462991	unknown	IP属地:山东
960	post_content_147757109503	2001-01-01 00:00:00	Grizzly10	，一个桌角人，前缀一定是罕见	https://tieba.baidu.com/p/8441462991	unknown	IP属地:浙江
961	post_content_147194644917	2001-01-01 00:00:00	狗熊子熊狗	                    	https://tieba.baidu.com/p/8324406642	unknown	IP属地:江苏
962	post_content_147194952326	2001-01-01 00:00:00	孔中窥见真理之貌	                    因为每天要和敬茶赛跑	https://tieba.baidu.com/p/8324406642	unknown	IP属地:天津
963	post_content_147195203182	2001-01-01 00:00:00	life碎月	                    高个子不是山东人吗 和河南人有关系吗	https://tieba.baidu.com/p/8324406642	unknown	IP属地:湖北
964	post_content_147195236173	2001-01-01 00:00:00	翠花的男人	                    荷兰人不算穷，人种高大所以高，为人不实诚，喜欢小聪明，又特能吃苦，特别内卷。远离指数⭐⭐⭐	https://tieba.baidu.com/p/8324406642	unknown	IP属地:云南
965	post_content_147195278524	2001-01-01 00:00:00	蕾米莉亚	                    挥锄头的时候把脊椎骨拉长了	https://tieba.baidu.com/p/8324406642	unknown	IP属地:浙江
966	post_content_147196782456	2001-01-01 00:00:00	神明	                    猪饲料吃多了	https://tieba.baidu.com/p/8324406642	unknown	IP属地:江苏
967	post_content_147196974106	2001-01-01 00:00:00	书柜里头发展	                    3	https://tieba.baidu.com/p/8324406642	unknown	IP属地:湖南
968	post_content_147196974464	2001-01-01 00:00:00	书柜里头发展	                    3	https://tieba.baidu.com/p/8324406642	unknown	IP属地:湖南
969	post_content_147196974792	2001-01-01 00:00:00	书柜里头发展	                    3	https://tieba.baidu.com/p/8324406642	unknown	IP属地:湖南
970	post_content_147196975179	2001-01-01 00:00:00	书柜里头发展	                    3	https://tieba.baidu.com/p/8324406642	unknown	IP属地:湖南
971	post_content_147196975527	2001-01-01 00:00:00	书柜里头发展	                    3	https://tieba.baidu.com/p/8324406642	unknown	IP属地:湖南
972	post_content_147205764061	2001-01-01 00:00:00	hwhwhwhwh	                    玩原神玩的	https://tieba.baidu.com/p/8324406642	unknown	IP属地:山西
973	post_content_147211038819	2001-01-01 00:00:00	嘉然今天吃桌饺	                    不知道为什么	https://tieba.baidu.com/p/8324406642	unknown	IP属地:广东
974	post_content_147211039365	2001-01-01 00:00:00	嘉然今天吃桌饺	                    3	https://tieba.baidu.com/p/8324406642	unknown	IP属地:广东
975	post_content_147211041053	2001-01-01 00:00:00	嘉然今天吃桌饺	                    应该是比较容易啊	https://tieba.baidu.com/p/8324406642	unknown	IP属地:广东
976	post_content_148136809984	2001-01-01 00:00:00	嘻嘻嘻吸罗	                    我寻思搁这吃泔水呢，哈人	https://tieba.baidu.com/p/8516969117	unknown	IP属地:河南
977	post_content_148136818520	2001-01-01 00:00:00	嘻嘻嘻吸罗	                    没有恶意，但这玩意我只在农村喂狗的时候见过	https://tieba.baidu.com/p/8516969117	unknown	IP属地:河南
978	post_content_148139789746	2001-01-01 00:00:00	夫冈易勇	                    烫饭不就这样吗	https://tieba.baidu.com/p/8516969117	unknown	IP属地:北京
979	post_content_148140133304	2001-01-01 00:00:00	嘿嘿小彭	                    	https://tieba.baidu.com/p/8516969117	unknown	IP属地:河南
980	post_content_148140232710	2001-01-01 00:00:00	逆天叉烧包	                    这个人一包榨菜下五碗饭	https://tieba.baidu.com/p/8516969117	unknown	IP属地:上海
981	post_content_148140369987	2001-01-01 00:00:00	张口闭眼先辈	                    我们北京人是这样的捏	https://tieba.baidu.com/p/8516969117	unknown	IP属地:江西
982	post_content_148140370728	2001-01-01 00:00:00	-ZH小涵-	（虽然哥们完全没吃过甚至于完全没见过听说过就是了，但先认了再说	https://tieba.baidu.com/p/8516969117	unknown	IP属地:四川
983	post_content_148140380630	2001-01-01 00:00:00	三三喔	）	https://tieba.baidu.com/p/8516969117	unknown	IP属地:北京
984	post_content_148140409155	2001-01-01 00:00:00	ChatMIA	                    	https://tieba.baidu.com/p/8516969117	unknown	IP属地:吉林
985	post_content_148140409760	2001-01-01 00:00:00	多伦多原神脸	                    啊 我打小吃饭有菜汤都要泡饭呢	https://tieba.baidu.com/p/8516969117	unknown	IP属地:美国
986	post_content_148140433605	2001-01-01 00:00:00	默丶xx	汤泡饭很好吃的	https://tieba.baidu.com/p/8516969117	unknown	IP属地:广东
987	post_content_148140531930	2001-01-01 00:00:00	风流才子韦小宝	                    这个人已经靠吃这个走上人生巅峰了	https://tieba.baidu.com/p/8516969117	unknown	IP属地:北京
988	post_content_148140540996	2001-01-01 00:00:00	亚克法里斯	                    那你还点赞	https://tieba.baidu.com/p/8516969117	unknown	IP属地:贵州
989	post_content_148140549156	2001-01-01 00:00:00	一个真正の鳗	                    恕我直言，胡辣汤也不咋的，跟这个没差别。	https://tieba.baidu.com/p/8516969117	unknown	IP属地:江苏
990	post_content_148140569395	2001-01-01 00:00:00	啊米诺思/	                    鱼汤泡饭挺好吃的	https://tieba.baidu.com/p/8516969117	unknown	IP属地:甘肃
991	post_content_148162907018	2001-01-01 00:00:00	牛哥牛啊21	省会在哪里？	https://tieba.baidu.com/p/8520644173	unknown	IP属地:北京
992	post_content_148166856545	2001-01-01 00:00:00	八大王zxz	                    	https://tieba.baidu.com/p/8521938759	unknown	IP属地:中国澳门
993	post_content_148166966016	2001-01-01 00:00:00	原神玩家456	                    性感荷官别说语	https://tieba.baidu.com/p/8521938759	unknown	IP属地:广东
994	post_content_148167022371	2001-01-01 00:00:00	拿葱的那位大婶	                    愣着干啥，赶紧发牌	https://tieba.baidu.com/p/8521938759	unknown	IP属地:湖南
995	post_content_148167075257	2001-01-01 00:00:00	贴吧用户_aWS5ySa	                    鳖说话，信不信我们天津人给你点个大烟花	https://tieba.baidu.com/p/8521938759	unknown	IP属地:天津
996	post_content_148167089101	2001-01-01 00:00:00	别回去了	                    还在这发帖？还不搁读场发牌呢？	https://tieba.baidu.com/p/8521938759	unknown	IP属地:广东
997	post_content_148135467666	2001-01-01 00:00:00	设置chkssjk	                    不只是以前工业建设，包括今天还是南方几个省在提供ylj，但是总是只字不提[表情]。	https://tieba.baidu.com/p/8516706973	unknown	IP属地:浙江
998	post_content_148135755596	2001-01-01 00:00:00	贴吧用户_aAXatQN	                    立体防御你以为	https://tieba.baidu.com/p/8516706973	unknown	IP属地:山东
999	post_content_148135945993	2001-01-01 00:00:00	也有电	                    	https://tieba.baidu.com/p/8516706973	unknown	IP属地:广东
1000	post_content_148136942210	2001-01-01 00:00:00	设置chkssjk	呗比只知道吹牛	https://tieba.baidu.com/p/8516706973	unknown	IP属地:浙江
1001	post_content_148137003053	2001-01-01 00:00:00	木野ひまり	                    为什么这种帖子就没有baby出来反驳了，理性讨论	https://tieba.baidu.com/p/8516706973	unknown	IP属地:浙江
1002	post_content_148137082651	2001-01-01 00:00:00	華西蜀中	                    db壬：燃烧故土	https://tieba.baidu.com/p/8516706973	unknown	IP属地:重庆
1003	post_content_148137093768	2001-01-01 00:00:00	你好哈喽呀哈哈	                    一句东北大米养活全国你怕不怕	https://tieba.baidu.com/p/8516706973	unknown	IP属地:山东
1004	post_content_148137130716	2001-01-01 00:00:00	娜晴天	                    小立本是这样的	https://tieba.baidu.com/p/8516706973	unknown	IP属地:浙江
1005	post_content_148137328434	2001-01-01 00:00:00	二次元甜瓜大王	                    一句燃烧故土你怕不怕	https://tieba.baidu.com/p/8516706973	unknown	IP属地:江西
1006	post_content_148137753494	2001-01-01 00:00:00	Dangernorman	                    北鼻只会吹	https://tieba.baidu.com/p/8516706973	unknown	IP属地:广东
1007	post_content_148137990028	2001-01-01 00:00:00	flmays	                    大哥不屑于小弟的帮助，只想把麦开开	https://tieba.baidu.com/p/8516706973	unknown	IP属地:山西
1008	post_content_148138484908	2001-01-01 00:00:00	腹黑猛男	                    	https://tieba.baidu.com/p/8516706973	unknown	IP属地:江苏
1009	post_content_148139183893	2001-01-01 00:00:00	污蓝污蓝污	                    一句东北大米养全国，两句三线建设帮全国。还可以再用几辈子，毕竟那嘎达就这点用了	https://tieba.baidu.com/p/8516706973	unknown	IP属地:广东
1010	post_content_148139406477	2001-01-01 00:00:00	白羊dshshe	                    烙铁直接燃烧故土+洞百大米	https://tieba.baidu.com/p/8516706973	unknown	IP属地:浙江
